{
    "instance_id": "MEDIUM_09",
    "group": "Medium",
    "group_key": "medium",
    "instance_number_in_group": 9,
    "parameters": {
        "I_range": [
            15,
            20
        ],
        "p_range": [
            8,
            13
        ]
    },
    "I": 20,
    "p": 13,
    "facilities": [
        [
            0.31687152507149374,
            0.4871979229703196
        ],
        [
            0.6456925903919384,
            0.015322341967658248
        ],
        [
            0.8866429665487849,
            0.96261700726531
        ],
        [
            0.16899641719736858,
            0.6153067418311299
        ],
        [
            0.4167150081329051,
            0.3818064965919302
        ],
        [
            0.8774982750225375,
            0.559545085660841
        ],
        [
            0.9503134193869619,
            0.41520890913953823
        ],
        [
            0.9949071128706148,
            0.36978580600895594
        ],
        [
            0.20894425469951428,
            0.9569309046386575
        ],
        [
            0.212953328310437,
            0.6583353227044338
        ],
        [
            0.9864843847293353,
            0.6467129276418193
        ],
        [
            0.8200403974012509,
            0.8438167399923089
        ],
        [
            0.8692600219390413,
            0.3547992857678117
        ],
        [
            0.8774726219085458,
            0.0138793698304015
        ],
        [
            0.21420286238543995,
            0.6936684739495459
        ],
        [
            0.5998539049868133,
            0.6523117043820382
        ],
        [
            0.4579649185852195,
            0.05219287149832286
        ],
        [
            0.4043974155447163,
            0.27515975377659074
        ],
        [
            0.3465632611897619,
            0.4833453173513961
        ],
        [
            0.3024624845326521,
            0.3413558554422118
        ]
    ],
    "distanceMatrix": {
        "(0, 1)": 0.5751433359998804,
        "(1, 0)": 0.5751433359998804,
        "(0, 2)": 0.7420665746649673,
        "(2, 0)": 0.7420665746649673,
        "(0, 3)": 0.19564998594095542,
        "(3, 0)": 0.19564998594095542,
        "(0, 4)": 0.14517600994622287,
        "(4, 0)": 0.14517600994622287,
        "(0, 5)": 0.5652755652865591,
        "(5, 0)": 0.5652755652865591,
        "(0, 6)": 0.6375194519277801,
        "(6, 0)": 0.6375194519277801,
        "(0, 7)": 0.688126342710006,
        "(7, 0)": 0.688126342710006,
        "(0, 8)": 0.48197237447490016,
        "(8, 0)": 0.48197237447490016,
        "(0, 9)": 0.20021738487410057,
        "(9, 0)": 0.20021738487410057,
        "(0, 10)": 0.688350505581641,
        "(10, 0)": 0.688350505581641,
        "(0, 11)": 0.6167300014883033,
        "(11, 0)": 0.6167300014883033,
        "(0, 12)": 0.5680338463548364,
        "(12, 0)": 0.5680338463548364,
        "(0, 13)": 0.7336920624631095,
        "(13, 0)": 0.7336920624631095,
        "(0, 14)": 0.23058825364577437,
        "(14, 0)": 0.23058825364577437,
        "(0, 15)": 0.3276302613535799,
        "(15, 0)": 0.3276302613535799,
        "(0, 16)": 0.45731470619188885,
        "(16, 0)": 0.45731470619188885,
        "(0, 17)": 0.22939260384362645,
        "(17, 0)": 0.22939260384362645,
        "(0, 18)": 0.029940637330755505,
        "(18, 0)": 0.029940637330755505,
        "(0, 19)": 0.1465521378558605,
        "(19, 0)": 0.1465521378558605,
        "(1, 2)": 0.9774580638940557,
        "(2, 1)": 0.9774580638940557,
        "(1, 3)": 0.7663031525564001,
        "(3, 1)": 0.7663031525564001,
        "(1, 4)": 0.4321358221298711,
        "(4, 1)": 0.4321358221298711,
        "(1, 5)": 0.5915338284324883,
        "(5, 1)": 0.5915338284324883,
        "(1, 6)": 0.5026958484631894,
        "(6, 1)": 0.5026958484631894,
        "(1, 7)": 0.4975893186656707,
        "(7, 1)": 0.4975893186656707,
        "(1, 8)": 1.0379671449643517,
        "(8, 1)": 1.0379671449643517,
        "(1, 9)": 0.7750670695771014,
        "(9, 1)": 0.7750670695771014,
        "(1, 10)": 0.7174908492556981,
        "(10, 1)": 0.7174908492556981,
        "(1, 11)": 0.8466404935787,
        "(11, 1)": 0.8466404935787,
        "(1, 12)": 0.40648123181822443,
        "(12, 1)": 0.40648123181822443,
        "(1, 13)": 0.23178452316414144,
        "(13, 1)": 0.23178452316414144,
        "(1, 14)": 0.803950782168853,
        "(14, 1)": 0.803950782168853,
        "(1, 15)": 0.6386365421025861,
        "(15, 1)": 0.6386365421025861,
        "(1, 16)": 0.19131417801575182,
        "(16, 1)": 0.19131417801575182,
        "(1, 17)": 0.3545967314853822,
        "(17, 1)": 0.3545967314853822,
        "(1, 18)": 0.5554492425739646,
        "(18, 1)": 0.5554492425739646,
        "(1, 19)": 0.47339703999575106,
        "(19, 1)": 0.47339703999575106,
        "(2, 3)": 0.797270964147043,
        "(3, 2)": 0.797270964147043,
        "(2, 4)": 0.7471098549809051,
        "(4, 2)": 0.7471098549809051,
        "(2, 5)": 0.40317564332314193,
        "(5, 2)": 0.40317564332314193,
        "(2, 6)": 0.5510984961495478,
        "(6, 2)": 0.5510984961495478,
        "(2, 7)": 0.6026358424138464,
        "(7, 2)": 0.6026358424138464,
        "(2, 8)": 0.6777225655127928,
        "(8, 2)": 0.6777225655127928,
        "(2, 9)": 0.7392192315064054,
        "(9, 2)": 0.7392192315064054,
        "(2, 10)": 0.33130604628812355,
        "(10, 2)": 0.33130604628812355,
        "(2, 11)": 0.13619620303513805,
        "(11, 2)": 0.13619620303513805,
        "(2, 12)": 0.608066237617018,
        "(12, 2)": 0.608066237617018,
        "(2, 13)": 0.948781955934235,
        "(13, 2)": 0.948781955934235,
        "(2, 14)": 0.7242299408750724,
        "(14, 2)": 0.7242299408750724,
        "(2, 15)": 0.4225367993785575,
        "(15, 2)": 0.4225367993785575,
        "(2, 16)": 1.0062986513917815,
        "(16, 2)": 1.0062986513917815,
        "(2, 17)": 0.8397370105202407,
        "(17, 2)": 0.8397370105202407,
        "(2, 18)": 0.7220716314145211,
        "(18, 2)": 0.7220716314145211,
        "(2, 19)": 0.8527791357280993,
        "(19, 2)": 0.8527791357280993,
        "(3, 4)": 0.3404215986418224,
        "(4, 3)": 0.3404215986418224,
        "(3, 5)": 0.7106927921687186,
        "(5, 3)": 0.7106927921687186,
        "(3, 6)": 0.8065329506960055,
        "(6, 3)": 0.8065329506960055,
        "(3, 7)": 0.8616315959587727,
        "(7, 3)": 0.8616315959587727,
        "(3, 8)": 0.3439518837498088,
        "(8, 3)": 0.3439518837498088,
        "(3, 9)": 0.061511533931228365,
        "(9, 3)": 0.061511533931228365,
        "(3, 10)": 0.8180910252329636,
        "(10, 3)": 0.8180910252329636,
        "(3, 11)": 0.689981944270526,
        "(11, 3)": 0.689981944270526,
        "(3, 12)": 0.7471500858531593,
        "(12, 3)": 0.7471500858531593,
        "(3, 13)": 0.9293295521146718,
        "(13, 3)": 0.9293295521146718,
        "(3, 14)": 0.0904664785826247,
        "(14, 3)": 0.0904664785826247,
        "(3, 15)": 0.43244368655077586,
        "(15, 3)": 0.43244368655077586,
        "(3, 16)": 0.6329297162841493,
        "(16, 3)": 0.6329297162841493,
        "(3, 17)": 0.41365880083167916,
        "(17, 3)": 0.41365880083167916,
        "(3, 18)": 0.22123246062940094,
        "(18, 3)": 0.22123246062940094,
        "(3, 19)": 0.30473312797137814,
        "(19, 3)": 0.30473312797137814,
        "(4, 5)": 0.4938747058614051,
        "(5, 4)": 0.4938747058614051,
        "(4, 6)": 0.5346428580434365,
        "(6, 4)": 0.5346428580434365,
        "(4, 7)": 0.5783170471143958,
        "(7, 4)": 0.5783170471143958,
        "(4, 8)": 0.6115036964020555,
        "(8, 4)": 0.6115036964020555,
        "(4, 9)": 0.3434923781326643,
        "(9, 4)": 0.3434923781326643,
        "(4, 10)": 0.6283411173229668,
        "(10, 4)": 0.6283411173229668,
        "(4, 11)": 0.6132901716441735,
        "(11, 4)": 0.6132901716441735,