{
    "instance_id": "MEDIUM_07",
    "group": "Medium",
    "group_key": "medium",
    "instance_number_in_group": 7,
    "parameters": {
        "I_range": [
            15,
            20
        ],
        "p_range": [
            8,
            13
        ]
    },
    "I": 20,
    "p": 8,
    "facilities": [
        [
            0.7129039406941923,
            0.7500441986088033
        ],
        [
            0.31743898302576845,
            0.6031009064628602
        ],
        [
            0.8434087568862316,
            0.8109714136699661
        ],
        [
            0.40122287051980843,
            0.637615857150724
        ],
        [
            0.492634099388384,
            0.45011938948392627
        ],
        [
            0.30900017608058117,
            0.8694432787135414
        ],
        [
            0.07498207638622345,
            0.5926274908493525
        ],
        [
            0.7058161210271919,
            0.7038992281734774
        ],
        [
            0.5761378105548624,
            0.4635833204534182
        ],
        [
            0.3602728391837611,
            0.8552520698047723
        ],
        [
            0.8731991222312318,
            0.23398058284828505
        ],
        [
            0.6324635648209365,
            0.2720549989913392
        ],
        [
            0.7883595222939866,
            0.8860266320370165
        ],
        [
            0.6968830292386397,
            0.13290959906669675
        ],
        [
            0.36750674883710877,
            0.13269602444201223
        ],
        [
            0.8938395935743855,
            0.9660340019687373
        ],
        [
            0.99373482072648,
            0.7488253699183329
        ],
        [
            0.12742907270937753,
            0.6966257418702488
        ],
        [
            0.5836208183202178,
            0.45332141853696417
        ],
        [
            0.38133220397228096,
            0.7977888610669048
        ]
    ],
    "distanceMatrix": {
        "(0, 1)": 0.4218825237555785,
        "(1, 0)": 0.4218825237555785,
        "(0, 2)": 0.14402649959096817,
        "(2, 0)": 0.14402649959096817,
        "(0, 3)": 0.3313385300083039,
        "(3, 0)": 0.3313385300083039,
        "(0, 4)": 0.3721205370810376,
        "(4, 0)": 0.3721205370810376,
        "(0, 5)": 0.42118213565974644,
        "(5, 0)": 0.42118213565974644,
        "(0, 6)": 0.6570573223425632,
        "(6, 0)": 0.6570573223425632,
        "(0, 7)": 0.04668613802949461,
        "(7, 0)": 0.04668613802949461,
        "(0, 8)": 0.31743473197941424,
        "(8, 0)": 0.31743473197941424,
        "(0, 9)": 0.3679910187953609,
        "(9, 0)": 0.3679910187953609,
        "(0, 10)": 0.5403852336396807,
        "(10, 0)": 0.5403852336396807,
        "(0, 11)": 0.4847105621106008,
        "(11, 0)": 0.4847105621106008,
        "(0, 12)": 0.15551452342344638,
        "(12, 0)": 0.15551452342344638,
        "(0, 13)": 0.6173425172105538,
        "(13, 0)": 0.6173425172105538,
        "(0, 14)": 0.7074022817957472,
        "(14, 0)": 0.7074022817957472,
        "(0, 15)": 0.28176107899893615,
        "(15, 0)": 0.28176107899893615,
        "(0, 16)": 0.28083352492728836,
        "(16, 0)": 0.28083352492728836,
        "(0, 17)": 0.5879067549893988,
        "(17, 0)": 0.5879067549893988,
        "(0, 18)": 0.3236642302515449,
        "(18, 0)": 0.3236642302515449,
        "(0, 19)": 0.33499159599312717,
        "(19, 0)": 0.33499159599312717,
        "(1, 2)": 0.5655566733594134,
        "(2, 1)": 0.5655566733594134,
        "(1, 3)": 0.09061468768692865,
        "(3, 1)": 0.09061468768692865,
        "(1, 4)": 0.23258691565624717,
        "(4, 1)": 0.23258691565624717,
        "(1, 5)": 0.2664760265366823,
        "(5, 1)": 0.2664760265366823,
        "(1, 6)": 0.2426830113786919,
        "(6, 1)": 0.2426830113786919,
        "(1, 7)": 0.40124444292956113,
        "(7, 1)": 0.40124444292956113,
        "(1, 8)": 0.2939221668585578,
        "(8, 1)": 0.2939221668585578,
        "(1, 9)": 0.2557634618315197,
        "(9, 1)": 0.2557634618315197,
        "(1, 10)": 0.6671725006585663,
        "(10, 1)": 0.6671725006585663,
        "(1, 11)": 0.456981268750551,
        "(11, 1)": 0.456981268750551,
        "(1, 12)": 0.5493752092116391,
        "(12, 1)": 0.5493752092116391,
        "(1, 13)": 0.6042000080745689,
        "(13, 1)": 0.6042000080745689,
        "(1, 14)": 0.4730618714316206,
        "(14, 1)": 0.4730618714316206,
        "(1, 15)": 0.6811446950937052,
        "(15, 1)": 0.6811446950937052,
        "(1, 16)": 0.691817663362748,
        "(16, 1)": 0.691817663362748,
        "(1, 17)": 0.2117797460958485,
        "(17, 1)": 0.2117797460958485,
        "(1, 18)": 0.30542865688089094,
        "(18, 1)": 0.30542865688089094,
        "(1, 19)": 0.20490422970457786,
        "(19, 1)": 0.20490422970457786,
        "(2, 3)": 0.47495316303584656,
        "(3, 2)": 0.47495316303584656,
        "(2, 4)": 0.5032465039142294,
        "(4, 2)": 0.5032465039142294,
        "(2, 5)": 0.5375978889843073,
        "(5, 2)": 0.5375978889843073,
        "(2, 6)": 0.7988451864641583,
        "(6, 2)": 0.7988451864641583,
        "(2, 7)": 0.17434502100614396,
        "(7, 2)": 0.17434502100614396,
        "(2, 8)": 0.43830610999790387,
        "(8, 2)": 0.43830610999790387,
        "(2, 9)": 0.48516089236658116,
        "(9, 2)": 0.48516089236658116,
        "(2, 10)": 0.5777593657567849,
        "(10, 2)": 0.5777593657567849,
        "(2, 11)": 0.5787303137606755,
        "(11, 2)": 0.5787303137606755,
        "(2, 12)": 0.0930790203714975,
        "(12, 2)": 0.0930790203714975,
        "(2, 13)": 0.6937129184941957,
        "(13, 2)": 0.6937129184941957,
        "(2, 14)": 0.8285772292897745,
        "(14, 2)": 0.8285772292897745,
        "(2, 15)": 0.16305727698873634,
        "(15, 2)": 0.16305727698873634,
        "(2, 16)": 0.16266547336076678,
        "(16, 2)": 0.16266547336076678,
        "(2, 17)": 0.7250529917277194,
        "(17, 2)": 0.7250529917277194,
        "(2, 18)": 0.44204444577781454,
        "(18, 2)": 0.44204444577781454,
        "(2, 19)": 0.4622645567702239,
        "(19, 2)": 0.4622645567702239,
        "(3, 4)": 0.20859275670739297,
        "(4, 3)": 0.20859275670739297,
        "(3, 5)": 0.2494974524080263,
        "(5, 3)": 0.2494974524080263,
        "(3, 6)": 0.32932811732279793,
        "(6, 3)": 0.32932811732279793,
        "(3, 7)": 0.31172188490510844,
        "(7, 3)": 0.31172188490510844,
        "(3, 8)": 0.24674391598733614,
        "(8, 3)": 0.24674391598733614,
        "(3, 9)": 0.22145524632489835,
        "(9, 3)": 0.22145524632489835,
        "(3, 10)": 0.6210338290630953,
        "(10, 3)": 0.6210338290630953,
        "(3, 11)": 0.4325586662166111,
        "(11, 3)": 0.4325586662166111,
        "(3, 12)": 0.4599811955140444,
        "(12, 3)": 0.4599811955140444,
        "(3, 13)": 0.5849301978893081,
        "(13, 3)": 0.5849301978893081,
        "(3, 14)": 0.5060442809912153,
        "(14, 3)": 0.5060442809912153,
        "(3, 15)": 0.5920554988163993,
        "(15, 3)": 0.5920554988163993,
        "(3, 16)": 0.6028581648014085,
        "(16, 3)": 0.6028581648014085,
        "(3, 17)": 0.2800807208896584,
        "(17, 3)": 0.2800807208896584,
        "(3, 18)": 0.25929414082420327,
        "(18, 3)": 0.25929414082420327,
        "(3, 19)": 0.1614033140900081,
        "(19, 3)": 0.1614033140900081,
        "(4, 5)": 0.4577706214558407,
        "(5, 4)": 0.4577706214558407,
        "(4, 6)": 0.4412955599964448,
        "(6, 4)": 0.4412955599964448,
        "(4, 7)": 0.3314374463987191,
        "(7, 4)": 0.3314374463987191,
        "(4, 8)": 0.08458219207212525,
        "(8, 4)": 0.08458219207212525,
        "(4, 9)": 0.42620651316809877,
        "(9, 4)": 0.42620651316809877,
        "(4, 10)": 0.4376593656546794,
        "(10, 4)": 0.4376593656546794,
        "(4, 11)": 0.22640496144000447,