{
    "instance_id": "MEDIUM_06",
    "group": "Medium",
    "group_key": "medium",
    "instance_number_in_group": 6,
    "parameters": {
        "I_range": [
            15,
            20
        ],
        "p_range": [
            8,
            13
        ]
    },
    "I": 17,
    "p": 12,
    "facilities": [
        [
            0.5671272638531305,
            0.7118009911208011
        ],
        [
            0.6697080292131505,
            0.6313001209043022
        ],
        [
            0.7931903465828397,
            0.2476707565954409
        ],
        [
            0.8503949420688124,
            0.5262383330879509
        ],
        [
            0.8995912997283331,
            0.4028345198132358
        ],
        [
            0.23588921547395214,
            0.8470997233122609
        ],
        [
            0.8424327312978732,
            0.9483156459661595
        ],
        [
            0.9080417837747733,
            0.769265482297017
        ],
        [
            0.2329700379667723,
            0.427193878396399
        ],
        [
            0.12748732824598896,
            0.015629261926979998
        ],
        [
            0.39476650528887414,
            0.6066001737851652
        ],
        [
            0.592152963437684,
            0.2540114644984104
        ],
        [
            0.9418142521420819,
            0.31636034410595293
        ],
        [
            0.6103532780298765,
            0.8780707258876126
        ],
        [
            0.8140039879103549,
            0.9250829244147688
        ],
        [
            0.5635069709378978,
            0.1232474264078558
        ],
        [
            0.8823596023372366,
            0.19571703955622288
        ]
    ],
    "distanceMatrix": {
        "(0, 1)": 0.13039633249237143,
        "(1, 0)": 0.13039633249237143,
        "(0, 2)": 0.5162570987151898,
        "(2, 0)": 0.5162570987151898,
        "(0, 3)": 0.3386356117981681,
        "(3, 0)": 0.3386356117981681,
        "(0, 4)": 0.45386409369179725,
        "(4, 0)": 0.45386409369179725,
        "(0, 5)": 0.3578049631107194,
        "(5, 0)": 0.3578049631107194,
        "(0, 6)": 0.36294942121676854,
        "(6, 0)": 0.36294942121676854,
        "(0, 7)": 0.3457237012985161,
        "(7, 0)": 0.3457237012985161,
        "(0, 8)": 0.43893309310803524,
        "(8, 0)": 0.43893309310803524,
        "(0, 9)": 0.8233701169640337,
        "(9, 0)": 0.8233701169640337,
        "(0, 10)": 0.2019293021355041,
        "(10, 0)": 0.2019293021355041,
        "(0, 11)": 0.4584730486351939,
        "(11, 0)": 0.4584730486351939,
        "(0, 12)": 0.5447601715475963,
        "(12, 0)": 0.5447601715475963,
        "(0, 13)": 0.17179671999498156,
        "(13, 0)": 0.17179671999498156,
        "(0, 14)": 0.3262472987640502,
        "(14, 0)": 0.3262472987640502,
        "(0, 15)": 0.5885646991258541,
        "(15, 0)": 0.5885646991258541,
        "(0, 16)": 0.6047429803550165,
        "(16, 0)": 0.6047429803550165,
        "(1, 2)": 0.4030128681109446,
        "(2, 1)": 0.4030128681109446,
        "(1, 3)": 0.20901133877490372,
        "(3, 1)": 0.20901133877490372,
        "(1, 4)": 0.32410314553342257,
        "(4, 1)": 0.32410314553342257,
        "(1, 5)": 0.4845288758717259,
        "(5, 1)": 0.4845288758717259,
        "(1, 6)": 0.3610161573122473,
        "(6, 1)": 0.3610161573122473,
        "(1, 7)": 0.2753859464599859,
        "(7, 1)": 0.2753859464599859,
        "(1, 8)": 0.48207824181206993,
        "(8, 1)": 0.48207824181206993,
        "(1, 9)": 0.8203986196668018,
        "(9, 1)": 0.8203986196668018,
        "(1, 10)": 0.276048780047099,
        "(10, 1)": 0.276048780047099,
        "(1, 11)": 0.38517725592251684,
        "(11, 1)": 0.38517725592251684,
        "(1, 12)": 0.4162077120458526,
        "(12, 1)": 0.4162077120458526,
        "(1, 13)": 0.2538084277006132,
        "(13, 1)": 0.2538084277006132,
        "(1, 14)": 0.32730667474833863,
        "(14, 1)": 0.32730667474833863,
        "(1, 15)": 0.5190339152347206,
        "(15, 1)": 0.5190339152347206,
        "(1, 16)": 0.48471982867305524,
        "(16, 1)": 0.48471982867305524,
        "(2, 3)": 0.284380485296766,
        "(3, 2)": 0.284380485296766,
        "(2, 4)": 0.18814078836386702,
        "(4, 2)": 0.18814078836386702,
        "(2, 5)": 0.8184739683547914,
        "(5, 2)": 0.8184739683547914,
        "(2, 6)": 0.702373172504282,
        "(6, 2)": 0.702373172504282,
        "(2, 7)": 0.5340897962934277,
        "(7, 2)": 0.5340897962934277,
        "(2, 8)": 0.5882816888592093,
        "(8, 2)": 0.5882816888592093,
        "(2, 9)": 0.7049849387545573,
        "(9, 2)": 0.7049849387545573,
        "(2, 10)": 0.5362572925710141,
        "(10, 2)": 0.5362572925710141,
        "(2, 11)": 0.20113735107772232,
        "(11, 2)": 0.20113735107772232,
        "(2, 12)": 0.1637294253823876,
        "(12, 2)": 0.1637294253823876,
        "(2, 13)": 0.6563790939088568,
        "(13, 2)": 0.6563790939088568,
        "(2, 14)": 0.6777318442975745,
        "(14, 2)": 0.6777318442975745,
        "(2, 15)": 0.2612194827010886,
        "(15, 2)": 0.2612194827010886,
        "(2, 16)": 0.1032005081672769,
        "(16, 2)": 0.1032005081672769,
        "(3, 4)": 0.1328487212497893,
        "(4, 3)": 0.1328487212497893,
        "(3, 5)": 0.6932310724098812,
        "(5, 3)": 0.6932310724098812,
        "(3, 6)": 0.4221524071314175,
        "(6, 3)": 0.4221524071314175,
        "(3, 7)": 0.24977060197580858,
        "(7, 3)": 0.24977060197580858,
        "(3, 8)": 0.6253185717780659,
        "(8, 3)": 0.6253185717780659,
        "(3, 9)": 0.8850519994186092,
        "(9, 3)": 0.8850519994186092,
        "(3, 10)": 0.4626611047438229,
        "(10, 3)": 0.4626611047438229,
        "(3, 11)": 0.37522844709508246,
        "(11, 3)": 0.37522844709508246,
        "(3, 12)": 0.22892413702665834,
        "(12, 3)": 0.22892413702665834,
        "(3, 13)": 0.425917871305862,
        "(13, 3)": 0.425917871305862,
        "(3, 14)": 0.40050132281332024,
        "(14, 3)": 0.40050132281332024,
        "(3, 15)": 0.4946780557559205,
        "(15, 3)": 0.4946780557559205,
        "(3, 16)": 0.332063344836437,
        "(16, 3)": 0.332063344836437,
        "(4, 5)": 0.7986689099267854,
        "(5, 4)": 0.7986689099267854,
        "(4, 6)": 0.5484676480286521,
        "(6, 4)": 0.5484676480286521,
        "(4, 7)": 0.3665283903702541,
        "(7, 4)": 0.3665283903702541,
        "(4, 8)": 0.6670661773641041,
        "(8, 4)": 0.6670661773641041,
        "(4, 9)": 0.8637548578813148,
        "(9, 4)": 0.8637548578813148,
        "(4, 10)": 0.5443973868594981,
        "(10, 4)": 0.5443973868594981,
        "(4, 11)": 0.3415649753918013,
        "(11, 4)": 0.3415649753918013,
        "(4, 12)": 0.09623180750036722,
        "(12, 4)": 0.09623180750036722,
        "(4, 13)": 0.5563345079716019,
        "(13, 4)": 0.5563345079716019,
        "(4, 14)": 0.5292150640836618,
        "(14, 4)": 0.5292150640836618,
        "(4, 15)": 0.43717458624374095,
        "(15, 4)": 0.43717458624374095,
        "(4, 16)": 0.2078330628725672,
        "(16, 4)": 0.2078330628725672,
        "(5, 6)": 0.6149306461599741,
        "(6, 5)": 0.6149306461599741,
        "(5, 7)": 0.6766441044949768,
        "(7, 5)": 0.6766441044949768,
        "(5, 8)": 0.4199159918267252,
        "(8, 5)": 0.4199159918267252,
        "(5, 9)": 0.8385070645563076,
        "(9, 5)": 0.8385070645563076,
        "(5, 10)": 0.2882395298040688,
        "(10, 5)": 0.2882395298040688,
        "(5, 11)": 0.6918652620677024,
        "(11, 5)": 0.6918652620677024,
        "(5, 12)": 0.883184265051862,
        "(12, 5)": 0.883184265051862,
        "(5, 13)": 0.3757426474948108,
        "(13, 5)": 0.3757426474948108,
        "(5, 14)": 0.5833507262045604,
        "(14, 5)": 0.5833507262045604,
        "(5, 15)": 0.794541088571898,
        "(15, 5)": 0.794541088571898,