{
    "instance_id": "MEDIUM_08",
    "group": "Medium",
    "group_key": "medium",
    "instance_number_in_group": 8,
    "parameters": {
        "I_range": [
            15,
            20
        ],
        "p_range": [
            8,
            13
        ]
    },
    "I": 20,
    "p": 11,
    "facilities": [
        [
            0.6753727168600555,
            0.716202197256084
        ],
        [
            0.44862093738102526,
            0.44028950110206255
        ],
        [
            0.4676517821318926,
            0.5719078928996414
        ],
        [
            0.9781304447573315,
            0.11666123955666974
        ],
        [
            0.9457520226332604,
            0.6748977322393187
        ],
        [
            0.8683835186720142,
            0.06349161983887608
        ],
        [
            0.32105141160873674,
            0.6145506324545196
        ],
        [
            0.09543279293584395,
            0.7822657297591541
        ],
        [
            0.05768620765583776,
            0.8753641249933954
        ],
        [
            0.18875113794716492,
            0.9585304776872594
        ],
        [
            0.9442859549795715,
            0.9865998226559516
        ],
        [
            0.2306782828653703,
            0.9665080099450337
        ],
        [
            0.9553631429149553,
            0.8928848885858017
        ],
        [
            0.011267509026945288,
            0.7872582267991658
        ],
        [
            0.39493135467462237,
            0.000130966171813518
        ],
        [
            0.590767680447167,
            0.24305228309589932
        ],
        [
            0.8615576432219061,
            0.8550140894055714
        ],
        [
            0.13728677752117546,
            0.011852777494238409
        ],
        [
            0.5314320583710357,
            0.920449930395313
        ],
        [
            0.06890375113341674,
            0.3368734831787178
        ]
    ],
    "distanceMatrix": {
        "(0, 1)": 0.357133287997476,
        "(1, 0)": 0.357133287997476,
        "(0, 2)": 0.2529206061080263,
        "(2, 0)": 0.2529206061080263,
        "(0, 3)": 0.6716484212448145,
        "(3, 0)": 0.6716484212448145,
        "(0, 4)": 0.27351604673349866,
        "(4, 0)": 0.27351604673349866,
        "(0, 5)": 0.6806498861297196,
        "(5, 0)": 0.6806498861297196,
        "(0, 6)": 0.368614470662242,
        "(6, 0)": 0.368614470662242,
        "(0, 7)": 0.583690590713954,
        "(7, 0)": 0.583690590713954,
        "(0, 8)": 0.6378629499304292,
        "(8, 0)": 0.6378629499304292,
        "(0, 9)": 0.5436207837825969,
        "(9, 0)": 0.5436207837825969,
        "(0, 10)": 0.3813518132352468,
        "(10, 0)": 0.3813518132352468,
        "(0, 11)": 0.5103000484927755,
        "(11, 0)": 0.5103000484927755,
        "(0, 12)": 0.3310761424474989,
        "(12, 0)": 0.3310761424474989,
        "(0, 13)": 0.667895715217193,
        "(13, 0)": 0.667895715217193,
        "(0, 14)": 0.769028845760004,
        "(14, 0)": 0.769028845760004,
        "(0, 15)": 0.4806546093154796,
        "(15, 0)": 0.4806546093154796,
        "(0, 16)": 0.23223601832293078,
        "(16, 0)": 0.23223601832293078,
        "(0, 17)": 0.8863659420538751,
        "(17, 0)": 0.8863659420538751,
        "(0, 18)": 0.24987206658361458,
        "(18, 0)": 0.24987206658361458,
        "(0, 19)": 0.7153285117434697,
        "(19, 0)": 0.7153285117434697,
        "(1, 2)": 0.13298712009556635,
        "(2, 1)": 0.13298712009556635,
        "(1, 3)": 0.6205768043302873,
        "(3, 1)": 0.6205768043302873,
        "(1, 4)": 0.5497093214067025,
        "(4, 1)": 0.5497093214067025,
        "(1, 5)": 0.5640720414774166,
        "(5, 1)": 0.5640720414774166,
        "(1, 6)": 0.21596510321347026,
        "(6, 1)": 0.21596510321347026,
        "(1, 7)": 0.4916193714075531,
        "(7, 1)": 0.4916193714075531,
        "(1, 8)": 0.5849101565706396,
        "(8, 1)": 0.5849101565706396,
        "(1, 9)": 0.5797465157030038,
        "(9, 1)": 0.5797465157030038,
        "(1, 10)": 0.737657628651179,
        "(10, 1)": 0.737657628651179,
        "(1, 11)": 0.569565553475849,
        "(11, 1)": 0.569565553475849,
        "(1, 12)": 0.679433769870874,
        "(12, 1)": 0.679433769870874,
        "(1, 13)": 0.5582699328326208,
        "(13, 1)": 0.5582699328326208,
        "(1, 14)": 0.44342091421484725,
        "(14, 1)": 0.44342091421484725,
        "(1, 15)": 0.24312181459326612,
        "(15, 1)": 0.24312181459326612,
        "(1, 16)": 0.5852462790776487,
        "(16, 1)": 0.5852462790776487,
        "(1, 17)": 0.5296102200972387,
        "(17, 1)": 0.5296102200972387,
        "(1, 18)": 0.48724913506203443,
        "(18, 1)": 0.48724913506203443,
        "(1, 19)": 0.39354798220156406,
        "(19, 1)": 0.39354798220156406,
        "(2, 3)": 0.6839868276332757,
        "(3, 2)": 0.6839868276332757,
        "(2, 4)": 0.4890672213251244,
        "(4, 2)": 0.4890672213251244,
        "(2, 5)": 0.6473585029822811,
        "(5, 2)": 0.6473585029822811,
        "(2, 6)": 0.15267636318131161,
        "(6, 2)": 0.15267636318131161,
        "(2, 7)": 0.4275481206207572,
        "(7, 2)": 0.4275481206207572,
        "(2, 8)": 0.5100563273325996,
        "(8, 2)": 0.5100563273325996,
        "(2, 9)": 0.47672066495434723,
        "(9, 2)": 0.47672066495434723,
        "(2, 10)": 0.6317828197499544,
        "(10, 2)": 0.6317828197499544,
        "(2, 11)": 0.4602887047569794,
        "(11, 2)": 0.4602887047569794,
        "(2, 12)": 0.5838566632287244,
        "(12, 2)": 0.5838566632287244,
        "(2, 13)": 0.5046408337106381,
        "(13, 2)": 0.5046408337106381,
        "(2, 14)": 0.5763827847081208,
        "(14, 2)": 0.5763827847081208,
        "(2, 15)": 0.3511460330366385,
        "(15, 2)": 0.3511460330366385,
        "(2, 16)": 0.4850885959297737,
        "(16, 2)": 0.4850885959297737,
        "(2, 17)": 0.6502328571851768,
        "(17, 2)": 0.6502328571851768,
        "(2, 18)": 0.3543296142559574,
        "(18, 2)": 0.3543296142559574,
        "(2, 19)": 0.46286192971341295,
        "(19, 2)": 0.46286192971341295,
        "(3, 4)": 0.5591746989822319,
        "(4, 3)": 0.5591746989822319,
        "(3, 5)": 0.12194833433102263,
        "(5, 3)": 0.12194833433102263,
        "(3, 6)": 0.82440687974063,
        "(6, 3)": 0.82440687974063,
        "(3, 7)": 1.1055245279544355,
        "(7, 3)": 1.1055245279544355,
        "(3, 8)": 1.1928317827687875,
        "(8, 3)": 1.1928317827687875,
        "(3, 9)": 1.1540639081656954,
        "(9, 3)": 1.1540639081656954,
        "(3, 10)": 0.8705966849541198,
        "(10, 3)": 0.8705966849541198,
        "(3, 11)": 1.131779248553577,
        "(11, 3)": 1.131779248553577,
        "(3, 12)": 0.7765574694414336,
        "(12, 3)": 0.7765574694414336,
        "(3, 13)": 1.176658087886151,
        "(13, 3)": 1.176658087886151,
        "(3, 14)": 0.5947272343591212,
        "(14, 3)": 0.5947272343591212,
        "(3, 15)": 0.407461172458122,
        "(15, 3)": 0.407461172458122,
        "(3, 16)": 0.7474985946059112,
        "(16, 3)": 0.7474985946059112,
        "(3, 17)": 0.847350509795704,
        "(17, 3)": 0.847350509795704,
        "(3, 18)": 0.9195736555166314,
        "(18, 3)": 0.9195736555166314,
        "(3, 19)": 0.9355140900271531,
        "(19, 3)": 0.9355140900271531,
        "(4, 5)": 0.6162818508489635,
        "(5, 4)": 0.6162818508489635,
        "(4, 6)": 0.6276086566219826,
        "(6, 4)": 0.6276086566219826,
        "(4, 7)": 0.8570709884744828,
        "(7, 4)": 0.8570709884744828,
        "(4, 8)": 0.9104107130055894,
        "(8, 4)": 0.9104107130055894,
        "(4, 9)": 0.8083921534168103,
        "(9, 4)": 0.8083921534168103,
        "(4, 10)": 0.3117055381677778,
        "(10, 4)": 0.3117055381677778,
        "(4, 11)": 0.7722480219264019,
        "(11, 4)": 0.7722480219264019,