{
    "instance_id": "MEDIUM_04",
    "group": "Medium",
    "group_key": "medium",
    "instance_number_in_group": 4,
    "parameters": {
        "I_range": [
            15,
            20
        ],
        "p_range": [
            8,
            13
        ]
    },
    "I": 15,
    "p": 12,
    "facilities": [
        [
            0.7256548418308595,
            0.60825288550396
        ],
        [
            0.8444380359686999,
            0.2794739316460504
        ],
        [
            0.5930747184394691,
            0.8875597026987779
        ],
        [
            0.7689689436447538,
            0.9414885795556717
        ],
        [
            0.04631715232809708,
            0.3107966825295887
        ],
        [
            0.8252264708735517,
            0.01568106334422248
        ],
        [
            0.33422334960957256,
            0.5999750793098242
        ],
        [
            0.2049006335051322,
            0.707369956428793
        ],
        [
            0.018091100183758035,
            0.8878273624428397
        ],
        [
            0.2751384479718636,
            0.33272952488544916
        ],
        [
            0.04515091761436851,
            0.6453239456414673
        ],
        [
            0.05790615454042336,
            0.5616023273463949
        ],
        [
            0.5843083891485829,
            0.4378859429140938
        ],
        [
            0.7014566902114863,
            0.5758856512267394
        ],
        [
            0.38249673232226533,
            0.23721681782847814
        ]
    ],
    "distanceMatrix": {
        "(0, 1)": 0.3495783856440345,
        "(1, 0)": 0.3495783856440345,
        "(0, 2)": 0.30917598103665134,
        "(2, 0)": 0.30917598103665134,
        "(0, 3)": 0.3360388953768156,
        "(3, 0)": 0.3360388953768156,
        "(0, 4)": 0.7416062897972765,
        "(4, 0)": 0.7416062897972765,
        "(0, 5)": 0.6008792505386811,
        "(5, 0)": 0.6008792505386811,
        "(0, 6)": 0.3915190099828757,
        "(6, 0)": 0.3915190099828757,
        "(0, 7)": 0.5301029515458986,
        "(7, 0)": 0.5301029515458986,
        "(0, 8)": 0.7607945429938981,
        "(8, 0)": 0.7607945429938981,
        "(0, 9)": 0.5280891434050049,
        "(9, 0)": 0.5280891434050049,
        "(0, 10)": 0.6815129157791233,
        "(10, 0)": 0.6815129157791233,
        "(0, 11)": 0.6693762648574515,
        "(11, 0)": 0.6693762648574515,
        "(0, 12)": 0.2213678269606535,
        "(12, 0)": 0.2213678269606535,
        "(0, 13)": 0.04041272567583948,
        "(13, 0)": 0.04041272567583948,
        "(0, 14)": 0.5053961333821194,
        "(14, 0)": 0.5053961333821194,
        "(1, 2)": 0.6579907464061262,
        "(2, 1)": 0.6579907464061262,
        "(1, 3)": 0.6663024673097797,
        "(3, 1)": 0.6663024673097797,
        "(1, 4)": 0.7987352875804155,
        "(4, 1)": 0.7987352875804155,
        "(1, 5)": 0.2644915151764053,
        "(5, 1)": 0.2644915151764053,
        "(1, 6)": 0.6025280174650295,
        "(6, 1)": 0.6025280174650295,
        "(1, 7)": 0.7694823566364084,
        "(7, 1)": 0.7694823566364084,
        "(1, 8)": 1.02613018425704,
        "(8, 1)": 1.02613018425704,
        "(1, 9)": 0.5717850812190258,
        "(9, 1)": 0.5717850812190258,
        "(1, 10)": 0.8790370471758387,
        "(10, 1)": 0.8790370471758387,
        "(1, 11)": 0.8356008809016149,
        "(11, 1)": 0.8356008809016149,
        "(1, 12)": 0.3045682164454222,
        "(12, 1)": 0.3045682164454222,
        "(1, 13)": 0.32909508160913753,
        "(13, 1)": 0.32909508160913753,
        "(1, 14)": 0.46387005904968553,
        "(14, 1)": 0.46387005904968553,
        "(2, 3)": 0.1839758196601211,
        "(3, 2)": 0.1839758196601211,
        "(2, 4)": 0.7947322929985392,
        "(4, 2)": 0.7947322929985392,
        "(2, 5)": 0.9022565033963271,
        "(5, 2)": 0.9022565033963271,
        "(2, 6)": 0.38692240404876727,
        "(6, 2)": 0.38692240404876727,
        "(2, 7)": 0.42795731665138215,
        "(7, 2)": 0.42795731665138215,
        "(2, 8)": 0.5749836805546467,
        "(8, 2)": 0.5749836805546467,
        "(2, 9)": 0.6394685279911908,
        "(9, 2)": 0.6394685279911908,
        "(2, 10)": 0.599081508233857,
        "(10, 2)": 0.599081508233857,
        "(2, 11)": 0.6266207803228212,
        "(11, 2)": 0.6266207803228212,
        "(2, 12)": 0.4497592008710106,
        "(12, 2)": 0.4497592008710106,
        "(2, 13)": 0.32998085727233517,
        "(13, 2)": 0.32998085727233517,
        "(2, 14)": 0.6835853685814239,
        "(14, 2)": 0.6835853685814239,
        "(3, 4)": 0.9591651997792309,
        "(4, 3)": 0.9591651997792309,
        "(3, 5)": 0.9275152108960325,
        "(5, 3)": 0.9275152108960325,
        "(3, 6)": 0.5528428369646956,
        "(6, 3)": 0.5528428369646956,
        "(3, 7)": 0.6107246418792955,
        "(7, 3)": 0.6107246418792955,
        "(3, 8)": 0.7527928413731537,
        "(8, 3)": 0.7527928413731537,
        "(3, 9)": 0.7838725311551078,
        "(9, 3)": 0.7838725311551078,
        "(3, 10)": 0.782065230775578,
        "(10, 3)": 0.782065230775578,
        "(3, 11)": 0.8061785501155683,
        "(11, 3)": 0.8061785501155683,
        "(3, 12)": 0.5363908425944485,
        "(12, 3)": 0.5363908425944485,
        "(3, 13)": 0.3717840846060091,
        "(13, 3)": 0.3717840846060091,
        "(3, 14)": 0.8033426943035077,
        "(14, 3)": 0.8033426943035077,
        "(4, 5)": 0.8329423480674437,
        "(5, 4)": 0.8329423480674437,
        "(4, 6)": 0.40806142135402507,
        "(6, 4)": 0.40806142135402507,
        "(4, 7)": 0.42710546949595524,
        "(7, 4)": 0.42710546949595524,
        "(4, 8)": 0.5777206206989703,
        "(8, 4)": 0.5777206206989703,
        "(4, 9)": 0.22987003918279353,
        "(9, 4)": 0.22987003918279353,
        "(4, 10)": 0.33452929597948755,
        "(10, 4)": 0.33452929597948755,
        "(4, 11)": 0.25107324916097945,
        "(11, 4)": 0.25107324916097945,
        "(4, 12)": 0.5527985627701256,
        "(12, 4)": 0.5527985627701256,
        "(4, 13)": 0.7067389726221271,
        "(13, 4)": 0.7067389726221271,
        "(4, 14)": 0.3441376272575975,
        "(14, 4)": 0.3441376272575975,
        "(5, 6)": 0.763206107276521,
        "(6, 5)": 0.763206107276521,
        "(5, 7)": 0.9291058439830142,
        "(7, 5)": 0.9291058439830142,
        "(5, 8)": 1.18832094724025,
        "(8, 5)": 1.18832094724025,
        "(5, 9)": 0.634914608357334,
        "(9, 5)": 0.634914608357334,
        "(5, 10)": 1.0024809364871747,
        "(10, 5)": 1.0024809364871747,
        "(5, 11)": 0.941706161362079,
        "(11, 5)": 0.941706161362079,
        "(5, 12)": 0.48610542316934535,
        "(12, 5)": 0.48610542316934535,
        "(5, 13)": 0.5737143356146476,
        "(13, 5)": 0.5737143356146476,
        "(5, 14)": 0.49506334131361296,
        "(14, 5)": 0.49506334131361296,
        "(6, 7)": 0.16810123298782814,
        "(7, 6)": 0.16810123298782814,
        "(6, 8)": 0.4275494544867472,
        "(8, 6)": 0.4275494544867472,
        "(6, 9)": 0.27369912670874447,
        "(9, 6)": 0.27369912670874447,
        "(6, 10)": 0.2926079127726848,
        "(10, 6)": 0.2926079127726848,
        "(6, 11)": 0.27896892368887455,
        "(11, 6)": 0.27896892368887455,
        "(6, 12)": 0.2980191523018983,
        "(12, 6)": 0.2980191523018983,
        "(6, 13)": 0.3680225903324567,
        "(13, 6)": 0.3680225903324567,
        "(6, 14)": 0.3659561117832229,
        "(14, 6)": 0.3659561117832229,
        "(7, 8)": 0.2597357832973118,
        "(8, 7)": 0.2597357832973118,
        "(7, 9)": 0.38116768426513525,
        "(9, 7)": 0.38116768426513525,
        "(7, 10)": 0.17137584188502372,
        "(10, 7)": 0.17137584188502372,
        "(7, 11)": 0.20701588956988257,
        "(11, 7)": 0.20701588956988257,
        "(7, 12)": 0.4653728382516441,
        "(12, 7)": 0.4653728382516441,
        "(7, 13)": 0.5136691931255277,