{
    "instance_id": "MEDIUM_05",
    "group": "Medium",
    "group_key": "medium",
    "instance_number_in_group": 5,
    "parameters": {
        "I_range": [
            15,
            20
        ],
        "p_range": [
            8,
            13
        ]
    },
    "I": 17,
    "p": 9,
    "facilities": [
        [
            0.3651600131078885,
            0.0685606089807077
        ],
        [
            0.6723969276966882,
            0.5746658328144864
        ],
        [
            0.14087251566261605,
            0.6292915503384502
        ],
        [
            0.7009876123528018,
            0.47538311755247753
        ],
        [
            0.5139885223128147,
            0.5874563952431896
        ],
        [
            0.9944469983532085,
            0.39957030414155303
        ],
        [
            0.3222307408097542,
            0.4039444293890939
        ],
        [
            0.7618600638365188,
            0.6938116601718234
        ],
        [
            0.39054867278929895,
            0.39784312288508816
        ],
        [
            0.9990724026564353,
            0.04171022862605589
        ],
        [
            0.4720388375822798,
            0.8293221041091765
        ],
        [
            0.06831664895775325,
            0.3890256748763403
        ],
        [
            0.2382060919528377,
            0.06983793887122136
        ],
        [
            0.7363976480123707,
            0.7885043283346026
        ],
        [
            0.31435203955386426,
            0.17043570265627805
        ],
        [
            0.7903853733043952,
            0.17078773846636153
        ],
        [
            0.1451546560474959,
            0.9801124951842766
        ]
    ],
    "distanceMatrix": {
        "(0, 1)": 0.5920616684754086,
        "(1, 0)": 0.5920616684754086,
        "(0, 2)": 0.6039238942997728,
        "(2, 0)": 0.6039238942997728,
        "(0, 3)": 0.527526994470643,
        "(3, 0)": 0.527526994470643,
        "(0, 4)": 0.5398173414712796,
        "(4, 0)": 0.5398173414712796,
        "(0, 5)": 0.7110341258263342,
        "(5, 0)": 0.7110341258263342,
        "(0, 6)": 0.33812014050004774,
        "(6, 0)": 0.33812014050004774,
        "(0, 7)": 0.7404794441871382,
        "(7, 0)": 0.7404794441871382,
        "(0, 8)": 0.3302598340755457,
        "(8, 0)": 0.3302598340755457,
        "(0, 9)": 0.634480780282853,
        "(9, 0)": 0.634480780282853,
        "(0, 10)": 0.7682324749651833,
        "(10, 0)": 0.7682324749651833,
        "(0, 11)": 0.43682243680866706,
        "(11, 0)": 0.43682243680866706,
        "(0, 12)": 0.1269603468343248,
        "(12, 0)": 0.1269603468343248,
        "(0, 13)": 0.8100224321625874,
        "(13, 0)": 0.8100224321625874,
        "(0, 14)": 0.11384192939366698,
        "(14, 0)": 0.11384192939366698,
        "(0, 15)": 0.43734082013588155,
        "(15, 0)": 0.43734082013588155,
        "(0, 16)": 0.9377255453364567,
        "(16, 0)": 0.9377255453364567,
        "(1, 2)": 0.534324030531263,
        "(2, 1)": 0.534324030531263,
        "(1, 3)": 0.10331739833591654,
        "(3, 1)": 0.10331739833591654,
        "(1, 4)": 0.15892394842661123,
        "(4, 1)": 0.15892394842661123,
        "(1, 5)": 0.3665715375900367,
        "(5, 1)": 0.3665715375900367,
        "(1, 6)": 0.38956662591458063,
        "(6, 1)": 0.38956662591458063,
        "(1, 7)": 0.1489945666950249,
        "(7, 1)": 0.1489945666950249,
        "(1, 8)": 0.3327231725340403,
        "(8, 1)": 0.3327231725340403,
        "(1, 9)": 0.6251068244516542,
        "(9, 1)": 0.6251068244516542,
        "(1, 10)": 0.3240265124708289,
        "(10, 1)": 0.3240265124708289,
        "(1, 11)": 0.6319614318932835,
        "(11, 1)": 0.6319614318932835,
        "(1, 12)": 0.6658625115946504,
        "(12, 1)": 0.6658625115946504,
        "(1, 13)": 0.22321065021013892,
        "(13, 1)": 0.22321065021013892,
        "(1, 14)": 0.5399982778240403,
        "(14, 1)": 0.5399982778240403,
        "(1, 15)": 0.4207597751582198,
        "(15, 1)": 0.4207597751582198,
        "(1, 16)": 0.6651100728756131,
        "(16, 1)": 0.6651100728756131,
        "(2, 3)": 0.5808758277144009,
        "(3, 2)": 0.5808758277144009,
        "(2, 4)": 0.3754540379599553,
        "(4, 2)": 0.3754540379599553,
        "(2, 5)": 0.8839464058724193,
        "(5, 2)": 0.8839464058724193,
        "(2, 6)": 0.28926135370748,
        "(6, 2)": 0.28926135370748,
        "(2, 7)": 0.6243303448975916,
        "(7, 2)": 0.6243303448975916,
        "(2, 8)": 0.34045052211471527,
        "(8, 2)": 0.34045052211471527,
        "(2, 9)": 1.0400763701101416,
        "(9, 2)": 1.0400763701101416,
        "(2, 10)": 0.38688933200027864,
        "(10, 2)": 0.38688933200027864,
        "(2, 11)": 0.2509821601326834,
        "(11, 2)": 0.2509821601326834,
        "(2, 12)": 0.567857524786957,
        "(12, 2)": 0.567857524786957,
        "(2, 13)": 0.6164405015388306,
        "(13, 2)": 0.6164405015388306,
        "(2, 14)": 0.49055461893825736,
        "(14, 2)": 0.49055461893825736,
        "(2, 15)": 0.7950425760569214,
        "(15, 2)": 0.7950425760569214,
        "(2, 16)": 0.35084707789690106,
        "(16, 2)": 0.35084707789690106,
        "(3, 4)": 0.21801164934040265,
        "(4, 3)": 0.21801164934040265,
        "(3, 5)": 0.3030940347631661,
        "(5, 3)": 0.3030940347631661,
        "(3, 6)": 0.3854351487702981,
        "(6, 3)": 0.3854351487702981,
        "(3, 7)": 0.22675203103930264,
        "(7, 3)": 0.22675203103930264,
        "(3, 8)": 0.31997622719560115,
        "(8, 3)": 0.31997622719560115,
        "(3, 9)": 0.5262382699881771,
        "(9, 3)": 0.5262382699881771,
        "(3, 10)": 0.42153332925607007,
        "(10, 3)": 0.42153332925607007,
        "(3, 11)": 0.638537513251008,
        "(11, 3)": 0.638537513251008,
        "(3, 12)": 0.6153321278588616,
        "(12, 3)": 0.6153321278588616,
        "(3, 13)": 0.31511706279901114,
        "(13, 3)": 0.31511706279901114,
        "(3, 14)": 0.4924225746302025,
        "(14, 3)": 0.4924225746302025,
        "(3, 15)": 0.31744338806119893,
        "(15, 3)": 0.31744338806119893,
        "(3, 16)": 0.7508009189922981,
        "(16, 3)": 0.7508009189922981,
        "(4, 5)": 0.5158890679482462,
        "(5, 4)": 0.5158890679482462,
        "(4, 6)": 0.2654198341846559,
        "(6, 4)": 0.2654198341846559,
        "(4, 7)": 0.26972531115076553,
        "(7, 4)": 0.26972531115076553,
        "(4, 8)": 0.2262533745709349,
        "(8, 4)": 0.2262533745709349,
        "(4, 9)": 0.7301679596822366,
        "(9, 4)": 0.7301679596822366,
        "(4, 10)": 0.2454766733810722,
        "(10, 4)": 0.2454766733810722,
        "(4, 11)": 0.4878505606075662,
        "(11, 4)": 0.4878505606075662,
        "(4, 12)": 0.5865021869287059,
        "(12, 4)": 0.5865021869287059,
        "(4, 13)": 0.29981009088216193,
        "(13, 4)": 0.29981009088216193,
        "(4, 14)": 0.4623429282405346,
        "(14, 4)": 0.4623429282405346,
        "(4, 15)": 0.5000079887144486,
        "(15, 4)": 0.5000079887144486,
        "(4, 16)": 0.5387181394060979,
        "(16, 4)": 0.5387181394060979,
        "(5, 6)": 0.6722304886550511,
        "(6, 5)": 0.6722304886550511,
        "(5, 7)": 0.37506620443116867,
        "(7, 5)": 0.37506620443116867,
        "(5, 8)": 0.6039007954738811,
        "(8, 5)": 0.6039007954738811,
        "(5, 9)": 0.35788996634849324,
        "(9, 5)": 0.35788996634849324,
        "(5, 10)": 0.6764590867269629,
        "(10, 5)": 0.6764590867269629,
        "(5, 11)": 0.9261903763685352,
        "(11, 5)": 0.9261903763685352,
        "(5, 12)": 0.8249992371026907,
        "(12, 5)": 0.8249992371026907,
        "(5, 13)": 0.4667538348919354,
        "(13, 5)": 0.4667538348919354,
        "(5, 14)": 0.7176571734345707,
        "(14, 5)": 0.7176571734345707,
        "(5, 15)": 0.3065658317139824,
        "(15, 5)": 0.3065658317139824,