{
    "instance_id": "MEDIUM_10",
    "group": "Medium",
    "group_key": "medium",
    "instance_number_in_group": 10,
    "parameters": {
        "I_range": [
            15,
            20
        ],
        "p_range": [
            8,
            13
        ]
    },
    "I": 16,
    "p": 11,
    "facilities": [
        [
            0.6999837071288644,
            0.3874278372436457
        ],
        [
            0.9606678701914044,
            0.2907691379854259
        ],
        [
            0.9302096392919985,
            0.3091296052003192
        ],
        [
            0.8727134470148813,
            0.47512005499723886
        ],
        [
            0.9362611449579559,
            0.0326167800001651
        ],
        [
            0.7712025255919877,
            0.12795117304998316
        ],
        [
            0.7570156801464369,
            0.699455040677321
        ],
        [
            0.8509262881077164,
            0.2852348563149183
        ],
        [
            0.32022541665486093,
            0.6400949986976598
        ],
        [
            0.04859487791586037,
            0.38379057302393627
        ],
        [
            0.12806748467713647,
            0.7898501221346291
        ],
        [
            0.8369249841092087,
            0.9198677166930149
        ],
        [
            0.3886357655713544,
            0.05610330528035068
        ],
        [
            0.7466151818627053,
            0.3632685180597932
        ],
        [
            0.416304748137753,
            0.6469351230986674
        ],
        [
            0.5900061706827238,
            0.6452941703586124
        ]
    ],
    "distanceMatrix": {
        "(0, 1)": 0.27802722351220926,
        "(1, 0)": 0.27802722351220926,
        "(0, 2)": 0.24317605347051474,
        "(2, 0)": 0.24317605347051474,
        "(0, 3)": 0.19371496611164213,
        "(3, 0)": 0.19371496611164213,
        "(0, 4)": 0.4262838420223275,
        "(4, 0)": 0.4262838420223275,
        "(0, 5)": 0.2690729629010578,
        "(5, 0)": 0.2690729629010578,
        "(0, 6)": 0.31719650317889275,
        "(6, 0)": 0.31719650317889275,
        "(0, 7)": 0.18228293420848962,
        "(7, 0)": 0.18228293420848962,
        "(0, 8)": 0.45613271496458835,
        "(8, 0)": 0.45613271496458835,
        "(0, 9)": 0.6513989841214769,
        "(9, 0)": 0.6513989841214769,
        "(0, 10)": 0.6993081301403081,
        "(10, 0)": 0.6993081301403081,
        "(0, 11)": 0.5497682589683277,
        "(11, 0)": 0.5497682589683277,
        "(0, 12)": 0.45465754826330024,
        "(12, 0)": 0.45465754826330024,
        "(0, 13)": 0.05251825529546944,
        "(13, 0)": 0.05251825529546944,
        "(0, 14)": 0.3844707832672342,
        "(14, 0)": 0.3844707832672342,
        "(0, 15)": 0.28033926638435996,
        "(15, 0)": 0.28033926638435996,
        "(1, 2)": 0.035564175596668836,
        "(2, 1)": 0.035564175596668836,
        "(1, 3)": 0.2042577811477723,
        "(3, 1)": 0.2042577811477723,
        "(1, 4)": 0.2593035444608718,
        "(4, 1)": 0.2593035444608718,
        "(1, 5)": 0.2498135434877277,
        "(5, 1)": 0.2498135434877277,
        "(1, 6)": 0.45661623007641844,
        "(6, 1)": 0.45661623007641844,
        "(1, 7)": 0.10988104072968798,
        "(7, 1)": 0.10988104072968798,
        "(1, 8)": 0.7295170273915824,
        "(8, 1)": 0.7295170273915824,
        "(1, 9)": 0.9168043033358255,
        "(9, 1)": 0.9168043033358255,
        "(1, 10)": 0.9707240754703907,
        "(10, 1)": 0.9707240754703907,
        "(1, 11)": 0.641153120235611,
        "(11, 1)": 0.641153120235611,
        "(1, 12)": 0.6182950604324849,
        "(12, 1)": 0.6182950604324849,
        "(1, 13)": 0.2259971537252423,
        "(13, 1)": 0.2259971537252423,
        "(1, 14)": 0.650527030647985,
        "(14, 1)": 0.650527030647985,
        "(1, 15)": 0.5129113900683746,
        "(15, 1)": 0.5129113900683746,
        "(2, 3)": 0.17566627892157033,
        "(3, 2)": 0.17566627892157033,
        "(2, 4)": 0.2765790361198695,
        "(4, 2)": 0.2765790361198695,
        "(2, 5)": 0.24105784883231265,
        "(5, 2)": 0.24105784883231265,
        "(2, 6)": 0.42702469842484003,
        "(6, 2)": 0.42702469842484003,
        "(2, 7)": 0.08280585003069875,
        "(7, 2)": 0.08280585003069875,
        "(2, 8)": 0.6939876393417124,
        "(8, 2)": 0.6939876393417124,
        "(2, 9)": 0.8847705056073378,
        "(9, 2)": 0.8847705056073378,
        "(2, 10)": 0.9351600139076539,
        "(10, 2)": 0.9351600139076539,
        "(2, 11)": 0.6178212263448355,
        "(11, 2)": 0.6178212263448355,
        "(2, 12)": 0.5977663165050152,
        "(12, 2)": 0.5977663165050152,
        "(2, 13)": 0.19141041425262706,
        "(13, 2)": 0.19141041425262706,
        "(2, 14)": 0.6149884593021467,
        "(14, 2)": 0.6149884593021467,
        "(2, 15)": 0.4782729502301443,
        "(15, 2)": 0.4782729502301443,
        "(3, 4)": 0.4470430161595192,
        "(4, 3)": 0.4470430161595192,
        "(3, 5)": 0.3617052664264545,
        "(5, 3)": 0.3617052664264545,
        "(3, 6)": 0.252412676104881,
        "(6, 3)": 0.252412676104881,
        "(3, 7)": 0.19113102566530218,
        "(7, 3)": 0.19113102566530218,
        "(3, 8)": 0.5765932324785402,
        "(8, 3)": 0.5765932324785402,
        "(3, 9)": 0.8291637294354653,
        "(9, 3)": 0.8291637294354653,
        "(3, 10)": 0.8084260166435839,
        "(10, 3)": 0.8084260166435839,
        "(3, 11)": 0.44618527167647654,
        "(11, 3)": 0.44618527167647654,
        "(3, 12)": 0.6402392039035457,
        "(12, 3)": 0.6402392039035457,
        "(3, 13)": 0.168557227046654,
        "(13, 3)": 0.168557227046654,
        "(3, 14)": 0.48767747337498757,
        "(14, 3)": 0.48767747337498757,
        "(3, 15)": 0.3299736862693341,
        "(15, 3)": 0.3299736862693341,
        "(4, 5)": 0.1906121568137163,
        "(5, 4)": 0.1906121568137163,
        "(4, 6)": 0.6905086549482432,
        "(6, 4)": 0.6905086549482432,
        "(4, 7)": 0.2666419514529125,
        "(7, 4)": 0.2666419514529125,
        "(4, 8)": 0.8651761697699527,
        "(8, 4)": 0.8651761697699527,
        "(4, 9)": 0.9546069529136855,
        "(9, 4)": 0.9546069529136855,
        "(4, 10)": 1.1075104184423001,
        "(10, 4)": 1.1075104184423001,
        "(4, 11)": 0.8927944318343991,
        "(11, 4)": 0.8927944318343991,
        "(4, 12)": 0.5481287923636707,
        "(12, 4)": 0.5481287923636707,
        "(4, 13)": 0.38117733825632666,
        "(13, 4)": 0.38117733825632666,
        "(4, 14)": 0.8048240063899297,
        "(14, 4)": 0.8048240063899297,
        "(4, 15)": 0.703751441822167,
        "(15, 4)": 0.703751441822167,
        "(5, 6)": 0.5716799255673595,
        "(6, 5)": 0.5716799255673595,
        "(5, 7)": 0.17633500880723815,
        "(7, 5)": 0.17633500880723815,
        "(5, 8)": 0.6824013855014708,
        "(8, 5)": 0.6824013855014708,
        "(5, 9)": 0.7665608984673419,
        "(9, 5)": 0.7665608984673419,
        "(5, 10)": 0.9228937640118205,
        "(10, 5)": 0.9228937640118205,
        "(5, 11)": 0.7946390713078949,
        "(11, 5)": 0.7946390713078949,
        "(5, 12)": 0.38925498323814356,
        "(12, 5)": 0.38925498323814356,
        "(5, 13)": 0.23659837348157714,
        "(13, 5)": 0.23659837348157714,
        "(5, 14)": 0.628726309971271,
        "(14, 5)": 0.628726309971271,
        "(5, 15)": 0.5481568168842564,
        "(15, 5)": 0.5481568168842564,
        "(6, 7)": 0.4247323432714773,
        "(7, 6)": 0.4247323432714773,
        "(6, 8)": 0.4408053412390412,
        "(8, 6)": 0.4408053412390412,
        "(6, 9)": 0.7755669469310232,
        "(9, 6)": 0.7755669469310232,
        "(6, 10)": 0.6354109719982516,
        "(10, 6)": 0.6354109719982516,
        "(6, 11)": 0.23445094286057777,
        "(11, 6)": 0.23445094286057777,
        "(6, 12)": 0.7413536382190611,
        "(12, 6)": 0.7413536382190611,