{
    "instance_id": "MEDIUM_01",
    "group": "Medium",
    "group_key": "medium",
    "instance_number_in_group": 1,
    "parameters": {
        "I_range": [
            15,
            20
        ],
        "p_range": [
            8,
            13
        ]
    },
    "I": 15,
    "p": 13,
    "facilities": [
        [
            0.1294621092781656,
            0.7331113746794109
        ],
        [
            0.9026661100788043,
            0.028300290905391545
        ],
        [
            0.3383017652980319,
            0.6595517449884535
        ],
        [
            0.1414401957792476,
            0.9966485422621585
        ],
        [
            0.37219493570567475,
            0.9291191597690139
        ],
        [
            0.9980008990190369,
            0.30187526260817465
        ],
        [
            0.5351463189501208,
            0.19252752754163627
        ],
        [
            0.38320100583502126,
            0.23582095217476762
        ],
        [
            0.05265501719896448,
            0.37055472728937655
        ],
        [
            0.9896263974914941,
            0.8139590451111688
        ],
        [
            0.30361993942551224,
            0.6968676134621481
        ],
        [
            0.515292842670222,
            0.009617598179564313
        ],
        [
            0.22855950187513363,
            0.6678116194073475
        ],
        [
            0.7051945369584898,
            0.007210645526891768
        ],
        [
            0.07020823290562561,
            0.9638734511629925
        ]
    ],
    "distanceMatrix": {
        "(0, 1)": 1.0462328090175828,
        "(1, 0)": 1.0462328090175828,
        "(0, 2)": 0.22141594578251783,
        "(2, 0)": 0.22141594578251783,
        "(0, 3)": 0.2638092364830401,
        "(3, 0)": 0.2638092364830401,
        "(0, 4)": 0.31199082813637213,
        "(4, 0)": 0.31199082813637213,
        "(0, 5)": 0.9697031574862759,
        "(5, 0)": 0.9697031574862759,
        "(0, 6)": 0.6758776322408042,
        "(6, 0)": 0.6758776322408042,
        "(0, 7)": 0.5582841498204452,
        "(7, 0)": 0.5582841498204452,
        "(0, 8)": 0.3706030922164096,
        "(8, 0)": 0.3706030922164096,
        "(0, 9)": 0.8639554088792917,
        "(9, 0)": 0.8639554088792917,
        "(0, 10)": 0.177889179066086,
        "(10, 0)": 0.177889179066086,
        "(0, 11)": 0.819944266071702,
        "(11, 0)": 0.819944266071702,
        "(0, 12)": 0.11867750948730342,
        "(12, 0)": 0.11867750948730342,
        "(0, 13)": 0.9264986221613277,
        "(13, 0)": 0.9264986221613277,
        "(0, 14)": 0.23824810137372893,
        "(14, 0)": 0.23824810137372893,
        "(1, 2)": 0.8467499701457394,
        "(2, 1)": 0.8467499701457394,
        "(1, 3)": 1.2317318005584268,
        "(3, 1)": 1.2317318005584268,
        "(1, 4)": 1.0454062852984687,
        "(4, 1)": 1.0454062852984687,
        "(1, 5)": 0.28971017780612623,
        "(5, 1)": 0.28971017780612623,
        "(1, 6)": 0.40254364002484033,
        "(6, 1)": 0.40254364002484033,
        "(1, 7)": 0.5593825340325559,
        "(7, 1)": 0.5593825340325559,
        "(1, 8)": 0.9163279747139115,
        "(8, 1)": 0.9163279747139115,
        "(1, 9)": 0.790456684232015,
        "(9, 1)": 0.790456684232015,
        "(1, 10)": 0.8976851226154321,
        "(10, 1)": 0.8976851226154321,
        "(1, 11)": 0.3878235311456599,
        "(11, 1)": 0.3878235311456599,
        "(1, 12)": 0.9291902165359867,
        "(12, 1)": 0.9291902165359867,
        "(1, 13)": 0.19859455010851276,
        "(13, 1)": 0.19859455010851276,
        "(1, 14)": 1.2523111655902737,
        "(14, 1)": 1.2523111655902737,
        "(2, 3)": 0.3903699889663504,
        "(3, 2)": 0.3903699889663504,
        "(2, 4)": 0.27168978286228623,
        "(4, 2)": 0.27168978286228623,
        "(2, 5)": 0.7504234891580714,
        "(5, 2)": 0.7504234891580714,
        "(2, 6)": 0.5068129812705098,
        "(6, 2)": 0.5068129812705098,
        "(2, 7)": 0.426102953028154,
        "(7, 2)": 0.426102953028154,
        "(2, 8)": 0.4063414093327588,
        "(8, 2)": 0.4063414093327588,
        "(2, 9)": 0.6693768675664965,
        "(9, 2)": 0.6693768675664965,
        "(2, 10)": 0.050944117283527934,
        "(10, 2)": 0.050944117283527934,
        "(2, 11)": 0.673602432193922,
        "(11, 2)": 0.673602432193922,
        "(2, 12)": 0.11005266878452652,
        "(12, 2)": 0.11005266878452652,
        "(2, 13)": 0.7484378504214041,
        "(13, 2)": 0.7484378504214041,
        "(2, 14)": 0.40556854286251126,
        "(14, 2)": 0.40556854286251126,
        "(3, 4)": 0.24043287524466875,
        "(4, 3)": 0.24043287524466875,
        "(3, 5)": 1.102908041704201,
        "(5, 3)": 1.102908041704201,
        "(3, 6)": 0.8953296140178773,
        "(6, 3)": 0.8953296140178773,
        "(3, 7)": 0.7983150450273442,
        "(7, 3)": 0.7983150450273442,
        "(3, 8)": 0.632357709751929,
        "(8, 3)": 0.632357709751929,
        "(3, 9)": 0.8676377614790225,
        "(9, 3)": 0.8676377614790225,
        "(3, 10)": 0.3408384874414347,
        "(10, 3)": 0.3408384874414347,
        "(3, 11)": 1.0554600353229697,
        "(11, 3)": 1.0554600353229697,
        "(3, 12)": 0.34018156229762014,
        "(12, 3)": 0.34018156229762014,
        "(3, 13)": 1.1387740375923354,
        "(13, 3)": 1.1387740375923354,
        "(3, 14)": 0.07841045294721674,
        "(14, 3)": 0.07841045294721674,
        "(4, 5)": 0.8860406369033436,
        "(5, 4)": 0.8860406369033436,
        "(4, 6)": 0.7544006799895335,
        "(6, 4)": 0.7544006799895335,
        "(4, 7)": 0.6933855624636893,
        "(7, 4)": 0.6933855624636893,
        "(4, 8)": 0.643506009879142,
        "(8, 4)": 0.643506009879142,
        "(4, 9)": 0.6280791845070028,
        "(9, 4)": 0.6280791845070028,
        "(4, 10)": 0.24216381000627354,
        "(10, 4)": 0.24216381000627354,
        "(4, 11)": 0.9305697892920609,
        "(11, 4)": 0.9305697892920609,
        "(4, 12)": 0.298182441638591,
        "(12, 4)": 0.298182441638591,
        "(4, 13)": 0.9802061227449311,
        "(13, 4)": 0.9802061227449311,
        "(4, 14)": 0.3039799819697718,
        "(14, 4)": 0.3039799819697718,
        "(5, 6)": 0.4755957206020199,
        "(6, 5)": 0.4755957206020199,
        "(5, 7)": 0.6183381603830624,
        "(7, 5)": 0.6183381603830624,
        "(5, 8)": 0.9478373832799942,
        "(8, 5)": 0.9478373832799942,
        "(5, 9)": 0.5121522552702552,
        "(9, 5)": 0.5121522552702552,
        "(5, 10)": 0.7988641150278141,
        "(10, 5)": 0.7988641150278141,
        "(5, 11)": 0.5642885875873416,
        "(11, 5)": 0.5642885875873416,
        "(5, 12)": 0.8520266902311296,
        "(12, 5)": 0.8520266902311296,
        "(5, 13)": 0.4154067912574267,
        "(13, 5)": 0.4154067912574267,
        "(5, 14)": 1.1397547249051843,
        "(14, 5)": 1.1397547249051843,
        "(6, 7)": 0.1579927175350505,
        "(7, 6)": 0.1579927175350505,
        "(6, 8)": 0.5142874100301768,
        "(8, 6)": 0.5142874100301768,
        "(6, 9)": 0.7698891302127502,
        "(9, 6)": 0.7698891302127502,
        "(6, 10)": 0.5549444897303534,
        "(10, 6)": 0.5549444897303534,
        "(6, 11)": 0.1839842460093653,
        "(11, 6)": 0.1839842460093653,
        "(6, 12)": 0.5655885822616873,
        "(12, 6)": 0.5655885822616873,
        "(6, 13)": 0.25151290862993203,
        "(13, 6)": 0.25151290862993203,
        "(6, 14)": 0.9006341975197264,
        "(14, 6)": 0.9006341975197264,
        "(7, 8)": 0.35695075397037923,
        "(8, 7)": 0.35695075397037923,
        "(7, 9)": 0.8378516635716882,
        "(9, 7)": 0.8378516635716882,
        "(7, 10)": 0.46786447825744926,
        "(10, 7)": 0.46786447825744926,
        "(7, 11)": 0.26194696164906467,
        "(11, 7)": 0.26194696164906467,
        "(7, 12)": 0.4588354076605526,
        "(12, 7)": 0.4588354076605526,
        "(7, 13)": 0.3948955639039212,