{
    "instance_id": "SMALL_07",
    "group": "Small",
    "group_key": "small",
    "instance_number_in_group": 7,
    "parameters": {
        "I_range": [
            8,
            12
        ],
        "p_range": [
            3,
            7
        ]
    },
    "I": 12,
    "p": 4,
    "facilities": [
        [
            0.4336493428669379,
            0.21933140621834668
        ],
        [
            0.21446744080521518,
            0.05440118007833117
        ],
        [
            0.20450388543639875,
            0.9000139821284049
        ],
        [
            0.009472978435880686,
            0.5736540845011934
        ],
        [
            0.19163819427660334,
            0.31797271264941773
        ],
        [
            0.7520323639218458,
            0.8620703940213275
        ],
        [
            0.7582940403287143,
            0.5465997508887022
        ],
        [
            0.6036053872709348,
            0.7226313293699206
        ],
        [
            0.7778294681110743,
            0.7342733189885448
        ],
        [
            0.19231391012532728,
            0.13626462619270707
        ],
        [
            0.5258825330887102,
            0.17456753676650671
        ],
        [
            0.5115862059896091,
            0.5598922814953443
        ]
    ],
    "distanceMatrix": {
        "(0, 1)": 0.2743040023149339,
        "(1, 0)": 0.2743040023149339,
        "(0, 2)": 0.718217522627096,
        "(2, 0)": 0.718217522627096,
        "(0, 3)": 0.5526935393936487,
        "(3, 0)": 0.5526935393936487,
        "(0, 4)": 0.26134173676709477,
        "(4, 0)": 0.26134173676709477,
        "(0, 5)": 0.7172734168628099,
        "(5, 0)": 0.7172734168628099,
        "(0, 6)": 0.4609758659770844,
        "(6, 0)": 0.4609758659770844,
        "(0, 7)": 0.5312211118487608,
        "(7, 0)": 0.5312211118487608,
        "(0, 8)": 0.6193747913343743,
        "(8, 0)": 0.6193747913343743,
        "(0, 9)": 0.25523103463413,
        "(9, 0)": 0.25523103463413,
        "(0, 10)": 0.10252202391089932,
        "(10, 0)": 0.10252202391089932,
        "(0, 11)": 0.34936494443895877,
        "(11, 0)": 0.34936494443895877,
        "(1, 2)": 0.8456714985303482,
        "(2, 1)": 0.8456714985303482,
        "(1, 3)": 0.5582529071609664,
        "(3, 1)": 0.5582529071609664,
        "(1, 4)": 0.26455836270837385,
        "(4, 1)": 0.26455836270837385,
        "(1, 5)": 0.9702090525843833,
        "(5, 1)": 0.9702090525843833,
        "(1, 6)": 0.733489470583637,
        "(6, 1)": 0.733489470583637,
        "(1, 7)": 0.7732786521053179,
        "(7, 1)": 0.7732786521053179,
        "(1, 8)": 0.8829512438841209,
        "(8, 1)": 0.8829512438841209,
        "(1, 9)": 0.08480803459169457,
        "(9, 1)": 0.08480803459169457,
        "(1, 10)": 0.3337953159971655,
        "(10, 1)": 0.3337953159971655,
        "(1, 11)": 0.5863453029030625,
        "(11, 1)": 0.5863453029030625,
        "(2, 3)": 0.38019447321691663,
        "(3, 2)": 0.38019447321691663,
        "(2, 4)": 0.5821834465061079,
        "(4, 2)": 0.5821834465061079,
        "(2, 5)": 0.5488416444030356,
        "(5, 2)": 0.5488416444030356,
        "(2, 6)": 0.6569514095413792,
        "(6, 2)": 0.6569514095413792,
        "(2, 7)": 0.436745479960834,
        "(7, 2)": 0.436745479960834,
        "(2, 8)": 0.5968016346888612,
        "(8, 2)": 0.5968016346888612,
        "(2, 9)": 0.7638466300182766,
        "(9, 2)": 0.7638466300182766,
        "(2, 10)": 0.7934461420002256,
        "(10, 2)": 0.7934461420002256,
        "(2, 11)": 0.45823828172455205,
        "(11, 2)": 0.45823828172455205,
        "(3, 4)": 0.3139380986345923,
        "(4, 3)": 0.3139380986345923,
        "(3, 5)": 0.7966042986141287,
        "(5, 3)": 0.7966042986141287,
        "(3, 6)": 0.7493096287260207,
        "(6, 3)": 0.7493096287260207,
        "(3, 7)": 0.6125255412771133,
        "(7, 3)": 0.6125255412771133,
        "(3, 8)": 0.7849651162397528,
        "(8, 3)": 0.7849651162397528,
        "(3, 9)": 0.4740678691289423,
        "(9, 3)": 0.4740678691289423,
        "(3, 10)": 0.6526476083764684,
        "(10, 3)": 0.6526476083764684,
        "(3, 11)": 0.5023017823046163,
        "(11, 3)": 0.5023017823046163,
        "(4, 5)": 0.7810786850546294,
        "(5, 4)": 0.7810786850546294,
        "(4, 6)": 0.6110394181058215,
        "(6, 4)": 0.6110394181058215,
        "(4, 7)": 0.5774647731158842,
        "(7, 4)": 0.5774647731158842,
        "(4, 8)": 0.7189759414319818,
        "(8, 4)": 0.7189759414319818,
        "(4, 9)": 0.18170934284088877,
        "(9, 4)": 0.18170934284088877,
        "(4, 10)": 0.3637091179747233,
        "(10, 4)": 0.3637091179747233,
        "(4, 11)": 0.4011132109388878,
        "(11, 4)": 0.4011132109388878,
        "(5, 6)": 0.3155327800244161,
        "(6, 5)": 0.3155327800244161,
        "(5, 7)": 0.20365122181953463,
        "(7, 5)": 0.20365122181953463,
        "(5, 8)": 0.13037477889332968,
        "(8, 5)": 0.13037477889332968,
        "(5, 9)": 0.9165581051595466,
        "(9, 5)": 0.9165581051595466,
        "(5, 10)": 0.7237429963180289,
        "(10, 5)": 0.7237429963180289,
        "(5, 11)": 0.3861683137624575,
        "(11, 5)": 0.3861683137624575,
        "(6, 7)": 0.23434098234713327,
        "(7, 6)": 0.23434098234713327,
        "(6, 8)": 0.18868757537783473,
        "(8, 6)": 0.18868757537783473,
        "(6, 9)": 0.6990768357944073,
        "(9, 6)": 0.6990768357944073,
        "(6, 10)": 0.43866054876434185,
        "(10, 6)": 0.43866054876434185,
        "(6, 11)": 0.24706567324138712,
        "(11, 6)": 0.24706567324138712,
        "(7, 8)": 0.17461261771954403,
        "(8, 7)": 0.17461261771954403,
        "(7, 9)": 0.7162308215704838,
        "(9, 7)": 0.7162308215704838,
        "(7, 10)": 0.5535474350270889,
        "(10, 7)": 0.5535474350270889,
        "(7, 11)": 0.18695327605262527,
        "(11, 7)": 0.18695327605262527,
        "(8, 9)": 0.8369246473265961,
        "(9, 8)": 0.8369246473265961,
        "(8, 10)": 0.6137978663370759,
        "(10, 8)": 0.6137978663370759,
        "(8, 11)": 0.3182675303298849,
        "(11, 8)": 0.3182675303298849,
        "(9, 10)": 0.33576053845577514,
        "(10, 9)": 0.33576053845577514,
        "(9, 11)": 0.5304669539600555,
        "(11, 9)": 0.5304669539600555,
        "(10, 11)": 0.3855898648419955,
        "(11, 10)": 0.3855898648419955
    },
    "statistics": {
        "avg_distance": 0.51,
        "min_distance": 0.08480803459169457,
        "max_distance": 0.9702090525843833
    }
}