{
    "instance_id": "SMALL_08",
    "group": "Small",
    "group_key": "small",
    "instance_number_in_group": 8,
    "parameters": {
        "I_range": [
            8,
            12
        ],
        "p_range": [
            3,
            7
        ]
    },
    "I": 12,
    "p": 5,
    "facilities": [
        [
            0.026560775657235913,
            0.3135087399144394
        ],
        [
            0.6864331084649337,
            0.37874889580432436
        ],
        [
            0.36679526756480973,
            0.7598180104185978
        ],
        [
            0.117097666534964,
            0.207314692307061
        ],
        [
            0.6897548426135378,
            0.46414958948116913
        ],
        [
            0.8738078278711967,
            0.42161558081595174
        ],
        [
            0.6704373322293873,
            0.9777457275096167
        ],
        [
            0.38229612228820253,
            0.6029179988115292
        ],
        [
            0.8414147746563163,
            0.7099994421547828
        ],
        [
            0.5554348069075753,
            0.10292006599898662
        ],
        [
            0.9942289297507177,
            0.0411345921272972
        ],
        [
            0.8285074900335636,
            0.16735753960783994
        ]
    ],
    "distanceMatrix": {
        "(0, 1)": 0.6630895667597323,
        "(1, 0)": 0.6630895667597323,
        "(0, 2)": 0.561205376329877,
        "(2, 0)": 0.561205376329877,
        "(0, 3)": 0.13954964835872496,
        "(3, 0)": 0.13954964835872496,
        "(0, 4)": 0.6800875208414179,
        "(4, 0)": 0.6800875208414179,
        "(0, 5)": 0.8541163015274623,
        "(5, 0)": 0.8541163015274623,
        "(0, 6)": 0.9250879935404668,
        "(6, 0)": 0.9250879935404668,
        "(0, 7)": 0.4585906191561453,
        "(7, 0)": 0.4585906191561453,
        "(0, 8)": 0.9061964007034204,
        "(8, 0)": 0.9061964007034204,
        "(0, 9)": 0.569258579656428,
        "(9, 0)": 0.569258579656428,
        "(0, 10)": 1.0052707758755641,
        "(10, 0)": 1.0052707758755641,
        "(0, 11)": 0.8151556330235639,
        "(11, 0)": 0.8151556330235639,
        "(1, 2)": 0.4973751295030735,
        "(2, 1)": 0.4973751295030735,
        "(1, 3)": 0.594586016961663,
        "(3, 1)": 0.594586016961663,
        "(1, 4)": 0.08546527012910143,
        "(4, 1)": 0.08546527012910143,
        "(1, 5)": 0.19221560331165077,
        "(5, 1)": 0.19221560331165077,
        "(1, 6)": 0.5992103714475877,
        "(6, 1)": 0.5992103714475877,
        "(1, 7)": 0.37782415632635236,
        "(7, 1)": 0.37782415632635236,
        "(1, 8)": 0.36571333215092716,
        "(8, 1)": 0.36571333215092716,
        "(1, 9)": 0.3053556915511721,
        "(9, 1)": 0.3053556915511721,
        "(1, 10)": 0.4568606851637753,
        "(10, 1)": 0.4568606851637753,
        "(1, 11)": 0.25469871490193585,
        "(11, 1)": 0.25469871490193585,
        "(2, 3)": 0.6063075197326172,
        "(3, 2)": 0.6063075197326172,
        "(2, 4)": 0.43786151036062476,
        "(4, 2)": 0.43786151036062476,
        "(2, 5)": 0.6094609254887227,
        "(5, 2)": 0.6094609254887227,
        "(2, 6)": 0.3737525830148478,
        "(6, 2)": 0.3737525830148478,
        "(2, 7)": 0.15766385172084937,
        "(7, 2)": 0.15766385172084937,
        "(2, 8)": 0.47722695466165893,
        "(8, 2)": 0.47722695466165893,
        "(2, 9)": 0.6834469878389701,
        "(9, 2)": 0.6834469878389701,
        "(2, 10)": 0.9540329429170088,
        "(10, 2)": 0.9540329429170088,
        "(2, 11)": 0.7511242146611576,
        "(11, 2)": 0.7511242146611576,
        "(3, 4)": 0.6276148546048933,
        "(4, 3)": 0.6276148546048933,
        "(3, 5)": 0.7864700497064128,
        "(5, 3)": 0.7864700497064128,
        "(3, 6)": 0.9485508766714087,
        "(6, 3)": 0.9485508766714087,
        "(3, 7)": 0.47626903851832586,
        "(7, 3)": 0.47626903851832586,
        "(3, 8)": 0.8816616305855356,
        "(8, 3)": 0.8816616305855356,
        "(3, 9)": 0.45059703353666325,
        "(9, 3)": 0.45059703353666325,
        "(3, 10)": 0.8927346070396399,
        "(10, 3)": 0.8927346070396399,
        "(3, 11)": 0.7125310596894269,
        "(11, 3)": 0.7125310596894269,
        "(4, 5)": 0.1889037937030085,
        "(5, 4)": 0.1889037937030085,
        "(4, 6)": 0.5139592972261305,
        "(6, 4)": 0.5139592972261305,
        "(4, 7)": 0.33732408175547013,
        "(7, 4)": 0.33732408175547013,
        "(4, 8)": 0.2888648214076227,
        "(8, 4)": 0.2888648214076227,
        "(4, 9)": 0.3853941367317563,
        "(9, 4)": 0.3853941367317563,
        "(4, 10)": 0.5211968512225639,
        "(10, 4)": 0.5211968512225639,
        "(4, 11)": 0.32762450768231416,
        "(11, 4)": 0.32762450768231416,
        "(5, 6)": 0.592148882088882,
        "(6, 5)": 0.592148882088882,
        "(5, 7)": 0.5238838836003137,
        "(7, 5)": 0.5238838836003137,
        "(5, 8)": 0.2901974523962542,
        "(8, 5)": 0.2901974523962542,
        "(5, 9)": 0.4504755394490948,
        "(9, 5)": 0.4504755394490948,
        "(5, 10)": 0.399082728931451,
        "(10, 5)": 0.399082728931451,
        "(5, 11)": 0.25826202223166606,
        "(11, 5)": 0.25826202223166606,
        "(6, 7)": 0.47278026932956607,
        "(7, 6)": 0.47278026932956607,
        "(6, 8)": 0.3176812225174254,
        "(8, 6)": 0.3176812225174254,
        "(6, 9)": 0.8823522646131224,
        "(9, 6)": 0.8823522646131224,
        "(6, 10)": 0.9910002106697925,
        "(10, 6)": 0.9910002106697925,
        "(6, 11)": 0.8256604567732202,
        "(11, 6)": 0.8256604567732202,
        "(7, 8)": 0.47144074119743545,
        "(8, 7)": 0.47144074119743545,
        "(7, 9)": 0.5291265793064477,
        "(9, 7)": 0.5291265793064477,
        "(7, 10)": 0.8306999198716085,
        "(10, 7)": 0.8306999198716085,
        "(7, 11)": 0.623552322044361,
        "(11, 7)": 0.623552322044361,
        "(8, 9)": 0.6710662492684919,
        "(9, 8)": 0.6710662492684919,
        "(8, 10)": 0.6860993758920836,
        "(10, 8)": 0.6860993758920836,
        "(8, 11)": 0.542795387228096,
        "(11, 8)": 0.542795387228096,
        "(9, 10)": 0.44312269973815605,
        "(10, 9)": 0.44312269973815605,
        "(9, 11)": 0.2805724118204035,
        "(11, 9)": 0.2805724118204035,
        "(10, 11)": 0.20831665332517757,
        "(11, 10)": 0.20831665332517757
    },
    "statistics": {
        "avg_distance": 0.55,
        "min_distance": 0.08546527012910143,
        "max_distance": 1.0052707758755641
    }
}