{
    "instance_id": "SMALL_01",
    "group": "Small",
    "group_key": "small",
    "instance_number_in_group": 1,
    "parameters": {
        "I_range": [
            8,
            12
        ],
        "p_range": [
            3,
            7
        ]
    },
    "I": 12,
    "p": 7,
    "facilities": [
        [
            0.0960274809980276,
            0.41619098542146327
        ],
        [
            0.6372891399560121,
            0.1688630594038909
        ],
        [
            0.7030470197058234,
            0.8166194737410514
        ],
        [
            0.23962994668691984,
            0.514946802497277
        ],
        [
            0.28830837623036465,
            0.3590007880024877
        ],
        [
            0.2605158071859238,
            0.4062213363762155
        ],
        [
            0.5243563816870764,
            0.5192365145384021
        ],
        [
            0.19467247722328596,
            0.6460167007509185
        ],
        [
            0.9183379638588127,
            0.6158069361995671
        ],
        [
            0.6067194602263247,
            0.1725183650416956
        ],
        [
            0.550997742733472,
            0.3339406718681789
        ],
        [
            0.1819607549816652,
            0.21067997526047821
        ]
    ],
    "distanceMatrix": {
        "(0, 1)": 0.595092670469149,
        "(1, 0)": 0.595092670469149,
        "(0, 2)": 0.72719714976816,
        "(2, 0)": 0.72719714976816,
        "(0, 3)": 0.1742824705994296,
        "(3, 0)": 0.1742824705994296,
        "(0, 4)": 0.20060573608989943,
        "(4, 0)": 0.20060573608989943,
        "(0, 5)": 0.16479017978684637,
        "(5, 0)": 0.16479017978684637,
        "(0, 6)": 0.4405496887258904,
        "(6, 0)": 0.4405496887258904,
        "(0, 7)": 0.2501013688626615,
        "(7, 0)": 0.2501013688626615,
        "(0, 8)": 0.8461920928653163,
        "(8, 0)": 0.8461920928653163,
        "(0, 9)": 0.5658468375548792,
        "(9, 0)": 0.5658468375548792,
        "(0, 10)": 0.4623451666701323,
        "(10, 0)": 0.4623451666701323,
        "(0, 11)": 0.22275390653125576,
        "(11, 0)": 0.22275390653125576,
        "(1, 2)": 0.6510856096275863,
        "(2, 1)": 0.6510856096275863,
        "(1, 3)": 0.527168655389292,
        "(3, 1)": 0.527168655389292,
        "(1, 4)": 0.39741656896406546,
        "(4, 1)": 0.39741656896406546,
        "(1, 5)": 0.4453056208200728,
        "(5, 1)": 0.4453056208200728,
        "(1, 6)": 0.36812411759232133,
        "(6, 1)": 0.36812411759232133,
        "(1, 7)": 0.650834162885895,
        "(7, 1)": 0.650834162885895,
        "(1, 8)": 0.5279652170572375,
        "(8, 1)": 0.5279652170572375,
        "(1, 9)": 0.030787441889209087,
        "(9, 1)": 0.030787441889209087,
        "(1, 10)": 0.18627083338925568,
        "(10, 1)": 0.18627083338925568,
        "(1, 11)": 0.45724456542981895,
        "(11, 1)": 0.45724456542981895,
        "(2, 3)": 0.5529573077017449,
        "(3, 2)": 0.5529573077017449,
        "(2, 4)": 0.6175945303586764,
        "(4, 2)": 0.6175945303586764,
        "(2, 5)": 0.6035399781347208,
        "(5, 2)": 0.6035399781347208,
        "(2, 6)": 0.34693943064989224,
        "(6, 2)": 0.34693943064989224,
        "(2, 7)": 0.5362368707914927,
        "(7, 2)": 0.5362368707914927,
        "(2, 8)": 0.2944076525298478,
        "(8, 2)": 0.2944076525298478,
        "(2, 9)": 0.6512643372264565,
        "(9, 2)": 0.6512643372264565,
        "(2, 10)": 0.5060610718137155,
        "(10, 2)": 0.5060610718137155,
        "(2, 11)": 0.7991830648249898,
        "(11, 2)": 0.7991830648249898,
        "(3, 4)": 0.16336691507041795,
        "(4, 3)": 0.16336691507041795,
        "(3, 5)": 0.1107133512817038,
        "(5, 3)": 0.1107133512817038,
        "(3, 6)": 0.2847587477449888,
        "(6, 3)": 0.2847587477449888,
        "(3, 7)": 0.13856584098829525,
        "(7, 3)": 0.13856584098829525,
        "(3, 8)": 0.6861613069416304,
        "(8, 3)": 0.6861613069416304,
        "(3, 9)": 0.5020079140101956,
        "(9, 3)": 0.5020079140101956,
        "(3, 10)": 0.3601570820353328,
        "(10, 3)": 0.3601570820353328,
        "(3, 11)": 0.3096837706898528,
        "(11, 3)": 0.3096837706898528,
        "(4, 5)": 0.05479239986353562,
        "(5, 4)": 0.05479239986353562,
        "(4, 6)": 0.28529659818964576,
        "(6, 4)": 0.28529659818964576,
        "(4, 7)": 0.3019036530976045,
        "(7, 4)": 0.3019036530976045,
        "(4, 8)": 0.6803577581236894,
        "(8, 4)": 0.6803577581236894,
        "(4, 9)": 0.369000423420909,
        "(9, 4)": 0.369000423420909,
        "(4, 10)": 0.2638820052494465,
        "(10, 4)": 0.2638820052494465,
        "(4, 11)": 0.182507205440517,
        "(11, 4)": 0.182507205440517,
        "(5, 6)": 0.2870266176648589,
        "(6, 5)": 0.2870266176648589,
        "(5, 7)": 0.24867078814401464,
        "(7, 5)": 0.24867078814401464,
        "(5, 8)": 0.6904028631625776,
        "(8, 5)": 0.6904028631625776,
        "(5, 9)": 0.4177009075751473,
        "(9, 5)": 0.4177009075751473,
        "(5, 10)": 0.29933968888400564,
        "(10, 5)": 0.29933968888400564,
        "(5, 11)": 0.2107304442500157,
        "(11, 5)": 0.2107304442500157,
        "(6, 7)": 0.35322045874859803,
        "(7, 6)": 0.35322045874859803,
        "(6, 8)": 0.4056443435207248,
        "(8, 6)": 0.4056443435207248,
        "(6, 9)": 0.3563665976166719,
        "(9, 6)": 0.3563665976166719,
        "(6, 10)": 0.18720125915514707,
        "(10, 6)": 0.18720125915514707,
        "(6, 11)": 0.46091420364115526,
        "(11, 6)": 0.46091420364115526,
        "(7, 8)": 0.7242957727487314,
        "(8, 7)": 0.7242957727487314,
        "(7, 9)": 0.6276809620510332,
        "(9, 7)": 0.6276809620510332,
        "(7, 10)": 0.47366564435699277,
        "(10, 7)": 0.47366564435699277,
        "(7, 11)": 0.43552227548437417,
        "(11, 7)": 0.43552227548437417,
        "(8, 9)": 0.5418586984863657,
        "(9, 8)": 0.5418586984863657,
        "(8, 10)": 0.46301990132665594,
        "(10, 8)": 0.46301990132665594,
        "(8, 11)": 0.8404637102418165,
        "(11, 8)": 0.8404637102418165,
        "(9, 10)": 0.1707690573304678,
        "(10, 9)": 0.1707690573304678,
        "(9, 11)": 0.4264695372187911,
        "(11, 9)": 0.4264695372187911,
        "(10, 11)": 0.38907775271421374,
        "(11, 10)": 0.38907775271421374
    },
    "statistics": {
        "avg_distance": 0.42,
        "min_distance": 0.030787441889209087,
        "max_distance": 0.8461920928653163
    }
}