{
    "instance_id": "SMALL_05",
    "group": "Small",
    "group_key": "small",
    "instance_number_in_group": 5,
    "parameters": {
        "I_range": [
            8,
            12
        ],
        "p_range": [
            3,
            7
        ]
    },
    "I": 10,
    "p": 6,
    "facilities": [
        [
            0.5587533868587685,
            0.9856030498525263
        ],
        [
            0.679993378818768,
            0.11215321950318302
        ],
        [
            0.044494676614221906,
            0.1540948265035177
        ],
        [
            0.8884312502806762,
            0.8328583035439888
        ],
        [
            0.5886995543402102,
            0.4479758551202919
        ],
        [
            0.07815026594943952,
            0.4788102363671489
        ],
        [
            0.48523000640581526,
            0.7028170995008298
        ],
        [
            0.8244318650162898,
            0.3404758405094528
        ],
        [
            0.5160145662032007,
            0.7412092393725023
        ],
        [
            0.16282485151888815,
            0.5032346424075398
        ]
    ],
    "distanceMatrix": {
        "(0, 1)": 0.8818240991194091,
        "(1, 0)": 0.8818240991194091,
        "(0, 2)": 0.9776849935226629,
        "(2, 0)": 0.9776849935226629,
        "(0, 3)": 0.3633434341711619,
        "(3, 0)": 0.3633434341711619,
        "(0, 4)": 0.5384605588736082,
        "(4, 0)": 0.5384605588736082,
        "(0, 5)": 0.6984399155462205,
        "(5, 0)": 0.6984399155462205,
        "(0, 6)": 0.29218757877353696,
        "(6, 0)": 0.29218757877353696,
        "(0, 7)": 0.6976920309068166,
        "(7, 0)": 0.6976920309068166,
        "(0, 8)": 0.24810268316157869,
        "(8, 0)": 0.24810268316157869,
        "(0, 9)": 0.6240502268226457,
        "(9, 0)": 0.6240502268226457,
        "(1, 2)": 0.6368812282533006,
        "(2, 1)": 0.6368812282533006,
        "(1, 3)": 0.7502414040972651,
        "(3, 1)": 0.7502414040972651,
        "(1, 4)": 0.348010639177516,
        "(4, 1)": 0.348010639177516,
        "(1, 5)": 0.7047357664570643,
        "(5, 1)": 0.7047357664570643,
        "(1, 6)": 0.6219458098319668,
        "(6, 1)": 0.6219458098319668,
        "(1, 7)": 0.27017345457724823,
        "(7, 1)": 0.27017345457724823,
        "(1, 8)": 0.6500773239551129,
        "(8, 1)": 0.6500773239551129,
        "(1, 9)": 0.6483887452527403,
        "(9, 1)": 0.6483887452527403,
        "(2, 3)": 1.083027607282448,
        "(3, 2)": 1.083027607282448,
        "(2, 4)": 0.6184860612185299,
        "(4, 2)": 0.6184860612185299,
        "(2, 5)": 0.32645489136541794,
        "(5, 2)": 0.32645489136541794,
        "(2, 6)": 0.7038066238746559,
        "(6, 2)": 0.7038066238746559,
        "(2, 7)": 0.8018976868868019,
        "(7, 2)": 0.8018976868868019,
        "(2, 8)": 0.7530168258920217,
        "(8, 2)": 0.7530168258920217,
        "(2, 9)": 0.36864704168413365,
        "(9, 2)": 0.36864704168413365,
        "(3, 4)": 0.4878253669664665,
        "(4, 3)": 0.4878253669664665,
        "(3, 5)": 0.8842540966489518,
        "(5, 3)": 0.8842540966489518,
        "(3, 6)": 0.42365311023433966,
        "(6, 3)": 0.42365311023433966,
        "(3, 7)": 0.4965243309427803,
        "(7, 3)": 0.4965243309427803,
        "(3, 8)": 0.383528014026057,
        "(8, 3)": 0.383528014026057,
        "(3, 9)": 0.7969670030214848,
        "(9, 3)": 0.7969670030214848,
        "(4, 5)": 0.5114795547655828,
        "(5, 4)": 0.5114795547655828,
        "(4, 6)": 0.2750454638549218,
        "(6, 4)": 0.2750454638549218,
        "(4, 7)": 0.2590868106214872,
        "(7, 4)": 0.2590868106214872,
        "(4, 8)": 0.30210747283124534,
        "(8, 4)": 0.30210747283124534,
        "(4, 9)": 0.429444753228639,
        "(9, 4)": 0.429444753228639,
        "(5, 6)": 0.4646428626601531,
        "(6, 5)": 0.4646428626601531,
        "(5, 7)": 0.7589944862665926,
        "(7, 5)": 0.7589944862665926,
        "(5, 8)": 0.5104687867195401,
        "(8, 5)": 0.5104687867195401,
        "(5, 9)": 0.08812682367919406,
        "(9, 5)": 0.08812682367919406,
        "(6, 7)": 0.49633566147543395,
        "(7, 6)": 0.49633566147543395,
        "(6, 8)": 0.049210217697596745,
        "(8, 6)": 0.049210217697596745,
        "(6, 9)": 0.37918101360307904,
        "(9, 6)": 0.37918101360307904,
        "(7, 8)": 0.5056762671625931,
        "(8, 7)": 0.5056762671625931,
        "(7, 9)": 0.6813327145413258,
        "(9, 7)": 0.6813327145413258,
        "(8, 9)": 0.42588130196032614,
        "(9, 8)": 0.42588130196032614
    },
    "statistics": {
        "avg_distance": 0.54,
        "min_distance": 0.049210217697596745,
        "max_distance": 1.083027607282448
    }
}