{
    "instance_id": "SMALL_06",
    "group": "Small",
    "group_key": "small",
    "instance_number_in_group": 6,
    "parameters": {
        "I_range": [
            8,
            12
        ],
        "p_range": [
            3,
            7
        ]
    },
    "I": 11,
    "p": 5,
    "facilities": [
        [
            0.38738604416238454,
            0.19696355305564361
        ],
        [
            0.19058978586868125,
            0.22391778417608355
        ],
        [
            0.7866199585145587,
            0.7088287426781537
        ],
        [
            0.11213808087308952,
            0.7134320710722138
        ],
        [
            0.3942807184910583,
            0.26218692994799786
        ],
        [
            0.17656450809960034,
            0.25544467874633914
        ],
        [
            0.8259728398805585,
            0.17123598714409194
        ],
        [
            0.16758639817364251,
            0.6357775047312193
        ],
        [
            0.8636673301973827,
            0.38296197488005523
        ],
        [
            0.9491398397540355,
            0.28540037648125993
        ],
        [
            0.5157939406127697,
            0.07140711991628179
        ]
    ],
    "distanceMatrix": {
        "(0, 1)": 0.19863357685370334,
        "(1, 0)": 0.19863357685370334,
        "(0, 2)": 0.6491484350410524,
        "(2, 0)": 0.6491484350410524,
        "(0, 3)": 0.5852359963272401,
        "(3, 0)": 0.5852359963272401,
        "(0, 4)": 0.06558677783929139,
        "(4, 0)": 0.06558677783929139,
        "(0, 5)": 0.2187824538895264,
        "(5, 0)": 0.2187824538895264,
        "(0, 6)": 0.4393407390921863,
        "(6, 0)": 0.4393407390921863,
        "(0, 7)": 0.490784645809046,
        "(7, 0)": 0.490784645809046,
        "(0, 8)": 0.5113113301583718,
        "(8, 0)": 0.5113113301583718,
        "(0, 9)": 0.568672487992201,
        "(9, 0)": 0.568672487992201,
        "(0, 10)": 0.17959121853111829,
        "(10, 0)": 0.17959121853111829,
        "(1, 2)": 0.7683687945119003,
        "(2, 1)": 0.7683687945119003,
        "(1, 3)": 0.49576093744076116,
        "(3, 1)": 0.49576093744076116,
        "(1, 4)": 0.2072547310694879,
        "(4, 1)": 0.2072547310694879,
        "(1, 5)": 0.034505847297869485,
        "(5, 1)": 0.034505847297869485,
        "(1, 6)": 0.6375633278851442,
        "(6, 1)": 0.6375633278851442,
        "(1, 7)": 0.4125016184952524,
        "(7, 1)": 0.4125016184952524,
        "(1, 8)": 0.6916129230113015,
        "(8, 1)": 0.6916129230113015,
        "(1, 9)": 0.7610376425683807,
        "(9, 1)": 0.7610376425683807,
        "(1, 10)": 0.3591897061105496,
        "(10, 1)": 0.3591897061105496,
        "(2, 3)": 0.6744975862811262,
        "(3, 2)": 0.6744975862811262,
        "(2, 4)": 0.5944905282181521,
        "(4, 2)": 0.5944905282181521,
        "(2, 5)": 0.7600820758367647,
        "(5, 2)": 0.7600820758367647,
        "(2, 6)": 0.5390311865509378,
        "(6, 2)": 0.5390311865509378,
        "(2, 7)": 0.6233289919407972,
        "(7, 2)": 0.6233289919407972,
        "(2, 8)": 0.3348513817179362,
        "(8, 2)": 0.3348513817179362,
        "(2, 9)": 0.45354635165357066,
        "(9, 2)": 0.45354635165357066,
        "(2, 10)": 0.6925698933226293,
        "(10, 2)": 0.6925698933226293,
        "(3, 4)": 0.5321904220767583,
        "(4, 3)": 0.5321904220767583,
        "(3, 5)": 0.4624967200474265,
        "(5, 3)": 0.4624967200474265,
        "(3, 6)": 0.896402061908741,
        "(6, 3)": 0.896402061908741,
        "(3, 7)": 0.09541880089935488,
        "(7, 3)": 0.09541880089935488,
        "(3, 8)": 0.8209791087885185,
        "(8, 3)": 0.8209791087885185,
        "(3, 9)": 0.940097375777744,
        "(9, 3)": 0.940097375777744,
        "(3, 10)": 0.7583759562439709,
        "(10, 3)": 0.7583759562439709,
        "(4, 5)": 0.21782058263278023,
        "(5, 4)": 0.21782058263278023,
        "(4, 6)": 0.441169085121211,
        "(6, 4)": 0.441169085121211,
        "(4, 7)": 0.4369899683414173,
        "(7, 4)": 0.4369899683414173,
        "(4, 8)": 0.4846755644010582,
        "(8, 4)": 0.4846755644010582,
        "(4, 9)": 0.5553444953798281,
        "(9, 4)": 0.5553444953798281,
        "(4, 10)": 0.2261910676090859,
        "(10, 4)": 0.2261910676090859,
        "(5, 6)": 0.6548452375392901,
        "(6, 5)": 0.6548452375392901,
        "(5, 7)": 0.3804387795421068,
        "(7, 5)": 0.3804387795421068,
        "(5, 8)": 0.6988354233637493,
        "(8, 5)": 0.6988354233637493,
        "(5, 9)": 0.773155861975932,
        "(9, 5)": 0.773155861975932,
        "(5, 10)": 0.3859357860361407,
        "(10, 5)": 0.3859357860361407,
        "(6, 7)": 0.8057738691380142,
        "(7, 6)": 0.8057738691380142,
        "(6, 8)": 0.21505526843817252,
        "(8, 6)": 0.21505526843817252,
        "(6, 9)": 0.16793932728983274,
        "(9, 6)": 0.16793932728983274,
        "(6, 10)": 0.32584774402006345,
        "(10, 6)": 0.32584774402006345,
        "(7, 8)": 0.740570291100692,
        "(8, 7)": 0.740570291100692,
        "(7, 9)": 0.8564986363368277,
        "(9, 7)": 0.8564986363368277,
        "(7, 10)": 0.6631458541434585,
        "(10, 7)": 0.6631458541434585,
        "(8, 9)": 0.12970665122513925,
        "(9, 8)": 0.12970665122513925,
        "(8, 10)": 0.46699285094376536,
        "(10, 8)": 0.46699285094376536,
        "(9, 10)": 0.4833029920845066,
        "(10, 9)": 0.4833029920845066
    },
    "statistics": {
        "avg_distance": 0.5,
        "min_distance": 0.034505847297869485,
        "max_distance": 0.940097375777744
    }
}