{
    "instance_id": "SMALL_03",
    "group": "Small",
    "group_key": "small",
    "instance_number_in_group": 3,
    "parameters": {
        "I_range": [
            8,
            12
        ],
        "p_range": [
            3,
            7
        ]
    },
    "I": 12,
    "p": 4,
    "facilities": [
        [
            0.5262188959688718,
            0.680964516612205
        ],
        [
            0.047180731912037754,
            0.6522945441437358
        ],
        [
            0.2468460137085139,
            0.5438598361641769
        ],
        [
            0.6215839570424057,
            0.6189601500302108
        ],
        [
            0.033568534521149385,
            0.5782140076644561
        ],
        [
            0.29968681485673376,
            0.6472801723216336
        ],
        [
            0.0014104617223459348,
            0.7705350655217039
        ],
        [
            0.33618896728798087,
            0.2854746769844676
        ],
        [
            0.9499811864836164,
            0.9136781522342287
        ],
        [
            0.9646703885959964,
            0.40915249566793344
        ],
        [
            0.012994114211992147,
            0.8006202044389843
        ],
        [
            0.9149934483540182,
            0.4672275058607728
        ]
    ],
    "distanceMatrix": {
        "(0, 1)": 0.4798953322801599,
        "(1, 0)": 0.4798953322801599,
        "(0, 2)": 0.3112023469436176,
        "(2, 0)": 0.3112023469436176,
        "(0, 3)": 0.1137498850495822,
        "(3, 0)": 0.1137498850495822,
        "(0, 4)": 0.5032514736427436,
        "(4, 0)": 0.5032514736427436,
        "(0, 5)": 0.2290227473926598,
        "(5, 0)": 0.2290227473926598,
        "(0, 6)": 0.5323971974834569,
        "(6, 0)": 0.5323971974834569,
        "(0, 7)": 0.4387750984767002,
        "(7, 0)": 0.4387750984767002,
        "(0, 8)": 0.4834564251995445,
        "(8, 0)": 0.4834564251995445,
        "(0, 9)": 0.5158696406232515,
        "(9, 0)": 0.5158696406232515,
        "(0, 10)": 0.5269887667101609,
        "(10, 0)": 0.5269887667101609,
        "(0, 11)": 0.4436543275425461,
        "(11, 0)": 0.4436543275425461,
        "(1, 2)": 0.2272098383641836,
        "(2, 1)": 0.2272098383641836,
        "(1, 3)": 0.5753696610624198,
        "(3, 1)": 0.5753696610624198,
        "(1, 4)": 0.07532076607992247,
        "(4, 1)": 0.07532076607992247,
        "(1, 5)": 0.25255586678761593,
        "(5, 1)": 0.25255586678761593,
        "(1, 6)": 0.12679013577156203,
        "(6, 1)": 0.12679013577156203,
        "(1, 7)": 0.4669931209962944,
        "(7, 1)": 0.4669931209962944,
        "(1, 8)": 0.9398776789311752,
        "(8, 1)": 0.9398776789311752,
        "(1, 9)": 0.9491603267409873,
        "(9, 1)": 0.9491603267409873,
        "(1, 10)": 0.15221440908071263,
        "(10, 1)": 0.15221440908071263,
        "(1, 11)": 0.8873267264526843,
        "(11, 1)": 0.8873267264526843,
        "(2, 3)": 0.38218919832576626,
        "(3, 2)": 0.38218919832576626,
        "(2, 4)": 0.2160266007416385,
        "(4, 2)": 0.2160266007416385,
        "(2, 5)": 0.1161374883356234,
        "(5, 2)": 0.1161374883356234,
        "(2, 6)": 0.3340961983965733,
        "(6, 2)": 0.3340961983965733,
        "(2, 7)": 0.2733954166379285,
        "(7, 2)": 0.2733954166379285,
        "(2, 8)": 0.7944587201953051,
        "(8, 2)": 0.7944587201953051,
        "(2, 9)": 0.7303546404084634,
        "(9, 2)": 0.7303546404084634,
        "(2, 10)": 0.34729324441276715,
        "(10, 2)": 0.34729324441276715,
        "(2, 11)": 0.672527700894988,
        "(11, 2)": 0.672527700894988,
        "(3, 4)": 0.5894254704714939,
        "(4, 3)": 0.5894254704714939,
        "(3, 5)": 0.3231405171282137,
        "(5, 3)": 0.3231405171282137,
        "(3, 6)": 0.6384278497244253,
        "(6, 3)": 0.6384278497244253,
        "(3, 7)": 0.438933777362225,
        "(7, 3)": 0.438933777362225,
        "(3, 8)": 0.4412521287515684,
        "(8, 3)": 0.4412521287515684,
        "(3, 9)": 0.4021536414670114,
        "(9, 3)": 0.4021536414670114,
        "(3, 10)": 0.6351235881024622,
        "(10, 3)": 0.6351235881024622,
        "(3, 11)": 0.33032094226432046,
        "(11, 3)": 0.33032094226432046,
        "(4, 5)": 0.27493467265738064,
        "(5, 4)": 0.27493467265738064,
        "(4, 6)": 0.19499110477522819,
        "(6, 4)": 0.19499110477522819,
        "(4, 7)": 0.4210409030663791,
        "(7, 4)": 0.4210409030663791,
        "(4, 8)": 0.9758833644287677,
        "(8, 4)": 0.9758833644287677,
        "(4, 9)": 0.9463257671120279,
        "(9, 4)": 0.9463257671120279,
        "(4, 10)": 0.22335582180630087,
        "(10, 4)": 0.22335582180630087,
        "(4, 11)": 0.8883849854133619,
        "(11, 4)": 0.8883849854133619,
        "(5, 6)": 0.3227391385266292,
        "(6, 5)": 0.3227391385266292,
        "(5, 7)": 0.363642164205811,
        "(7, 5)": 0.363642164205811,
        "(5, 8)": 0.7027450842738877,
        "(8, 5)": 0.7027450842738877,
        "(5, 9)": 0.7063341586894482,
        "(9, 5)": 0.7063341586894482,
        "(5, 10)": 0.3251243916606774,
        "(10, 5)": 0.3251243916606774,
        "(5, 11)": 0.6411093634672851,
        "(11, 5)": 0.6411093634672851,
        "(6, 7)": 0.5893727414095892,
        "(7, 6)": 0.5893727414095892,
        "(6, 8)": 0.9593103580946634,
        "(8, 6)": 0.9593103580946634,
        "(6, 9)": 1.0288182776927837,
        "(9, 6)": 1.0288182776927837,
        "(6, 10)": 0.03223812321883743,
        "(10, 6)": 0.03223812321883743,
        "(6, 11)": 0.9626158887169458,
        "(11, 6)": 0.9626158887169458,
        "(7, 8)": 0.8782826963233309,
        "(8, 7)": 0.8782826963233309,
        "(7, 9)": 0.6405350105682309,
        "(9, 7)": 0.6405350105682309,
        "(7, 10)": 0.6081363560182882,
        "(10, 7)": 0.6081363560182882,
        "(7, 11)": 0.606670188905524,
        "(11, 7)": 0.606670188905524,
        "(8, 9)": 0.5047394484210143,
        "(9, 8)": 0.5047394484210143,
        "(8, 10)": 0.9437832765862204,
        "(10, 8)": 0.9437832765862204,
        "(8, 11)": 0.44781951885408244,
        "(11, 8)": 0.44781951885408244,
        "(9, 10)": 1.029045527776043,
        "(10, 9)": 1.029045527776043,
        "(9, 11)": 0.07642319805336249,
        "(11, 9)": 0.07642319805336249,
        "(10, 11)": 0.9616410402317076,
        "(11, 10)": 0.9616410402317076
    },
    "statistics": {
        "avg_distance": 0.52,
        "min_distance": 0.03223812321883743,
        "max_distance": 1.029045527776043
    }
}