{
    "instance_id": "SMALL_04",
    "group": "Small",
    "group_key": "small",
    "instance_number_in_group": 4,
    "parameters": {
        "I_range": [
            8,
            12
        ],
        "p_range": [
            3,
            7
        ]
    },
    "I": 9,
    "p": 4,
    "facilities": [
        [
            0.47393006208400124,
            0.0476378820236002
        ],
        [
            0.7631961911964984,
            0.9141487914646054
        ],
        [
            0.9609294364964945,
            0.5428810993102623
        ],
        [
            0.14425840880790897,
            0.6521455643127791
        ],
        [
            0.8619216662062165,
            0.6370431884508829
        ],
        [
            0.485374340220621,
            0.762134287814339
        ],
        [
            0.22488450812285654,
            0.3028089084186709
        ],
        [
            0.5711893753334027,
            0.32751055595261913
        ],
        [
            0.8956291422874044,
            0.25850518439071335
        ]
    ],
    "distanceMatrix": {
        "(0, 1)": 0.9135184998849262,
        "(1, 0)": 0.9135184998849262,
        "(0, 2)": 0.6945748591380225,
        "(2, 0)": 0.6945748591380225,
        "(0, 3)": 0.6885585936726277,
        "(3, 0)": 0.6885585936726277,
        "(0, 4)": 0.7056458744398417,
        "(4, 0)": 0.7056458744398417,
        "(0, 5)": 0.7145880529297649,
        "(5, 0)": 0.7145880529297649,
        "(0, 6)": 0.35656127195662646,
        "(6, 0)": 0.35656127195662646,
        "(0, 7)": 0.2962905459610957,
        "(7, 0)": 0.2962905459610957,
        "(0, 8)": 0.4714818484862167,
        "(8, 0)": 0.4714818484862167,
        "(1, 2)": 0.420640149693869,
        "(2, 1)": 0.420640149693869,
        "(1, 3)": 0.6721083763100087,
        "(3, 1)": 0.6721083763100087,
        "(1, 4)": 0.2941670182693723,
        "(4, 1)": 0.2941670182693723,
        "(1, 5)": 0.3166913168997525,
        "(5, 1)": 0.3166913168997525,
        "(1, 6)": 0.8145648658861944,
        "(6, 1)": 0.8145648658861944,
        "(1, 7)": 0.6172609146078353,
        "(7, 1)": 0.6172609146078353,
        "(1, 8)": 0.668884912396378,
        "(8, 1)": 0.668884912396378,
        "(2, 3)": 0.8239479903356867,
        "(3, 2)": 0.8239479903356867,
        "(2, 4)": 0.13663468669843196,
        "(4, 2)": 0.13663468669843196,
        "(2, 5)": 0.5236645971069265,
        "(5, 2)": 0.5236645971069265,
        "(2, 6)": 0.7742072031594918,
        "(6, 2)": 0.7742072031594918,
        "(2, 7)": 0.4452884303702231,
        "(7, 2)": 0.4452884303702231,
        "(2, 8)": 0.2917769514717094,
        "(8, 2)": 0.2917769514717094,
        "(3, 4)": 0.7178221456434897,
        "(4, 3)": 0.7178221456434897,
        "(3, 5)": 0.3584098184495852,
        "(5, 3)": 0.3584098184495852,
        "(3, 6)": 0.35852010688666036,
        "(6, 3)": 0.35852010688666036,
        "(3, 7)": 0.536337523236435,
        "(7, 3)": 0.536337523236435,
        "(3, 8)": 0.8482397820396679,
        "(8, 3)": 0.8482397820396679,
        "(4, 5)": 0.3967816425275498,
        "(5, 4)": 0.3967816425275498,
        "(4, 6)": 0.7193948114405433,
        "(6, 4)": 0.7193948114405433,
        "(4, 7)": 0.4246595289610956,
        "(7, 4)": 0.4246595289610956,
        "(4, 8)": 0.3800358068151221,
        "(8, 4)": 0.3800358068151221,
        "(5, 6)": 0.5280480629481524,
        "(6, 5)": 0.5280480629481524,
        "(5, 7)": 0.4430146820917069,
        "(7, 5)": 0.4430146820917069,
        "(5, 8)": 0.6495777678108609,
        "(8, 5)": 0.6495777678108609,
        "(6, 7)": 0.34718472380651405,
        "(7, 6)": 0.34718472380651405,
        "(6, 8)": 0.6722062066235915,
        "(8, 6)": 0.6722062066235915,
        "(7, 8)": 0.33169700584353123,
        "(8, 7)": 0.33169700584353123
    },
    "statistics": {
        "avg_distance": 0.54,
        "min_distance": 0.13663468669843196,
        "max_distance": 0.9135184998849262
    }
}