{
    "instance_id": "SMALL_10",
    "group": "Small",
    "group_key": "small",
    "instance_number_in_group": 10,
    "parameters": {
        "I_range": [
            8,
            12
        ],
        "p_range": [
            3,
            7
        ]
    },
    "I": 11,
    "p": 7,
    "facilities": [
        [
            0.33946712713152616,
            0.057773270784469366
        ],
        [
            0.4085501749679916,
            0.4293011034401861
        ],
        [
            0.09685436338176079,
            0.31391584169588693
        ],
        [
            0.7664531365506126,
            0.816066351026794
        ],
        [
            0.9402130907193365,
            0.10622412214476284
        ],
        [
            0.10838663077894073,
            0.6884805384997821
        ],
        [
            0.046784010608130644,
            0.5048172764437538
        ],
        [
            0.573763528672071,
            0.28464251141764374
        ],
        [
            0.8739090302093017,
            0.7402235051698404
        ],
        [
            0.06459864574470209,
            0.19694078544583082
        ],
        [
            0.26637380093922236,
            0.6581475931960327
        ]
    ],
    "distanceMatrix": {
        "(0, 1)": 0.37789601471334633,
        "(1, 0)": 0.37789601471334633,
        "(0, 2)": 0.35280301836493694,
        "(2, 0)": 0.35280301836493694,
        "(0, 3)": 0.870244475870447,
        "(3, 0)": 0.870244475870447,
        "(0, 4)": 0.602696605071394,
        "(4, 0)": 0.602696605071394,
        "(0, 5)": 0.6717066720998627,
        "(5, 0)": 0.6717066720998627,
        "(0, 6)": 0.5343329951385614,
        "(6, 0)": 0.5343329951385614,
        "(0, 7)": 0.3261356406778036,
        "(7, 0)": 0.3261356406778036,
        "(0, 8)": 0.8668139766859105,
        "(8, 0)": 0.8668139766859105,
        "(0, 9)": 0.3080913487862311,
        "(9, 0)": 0.3080913487862311,
        "(0, 10)": 0.6048073754055899,
        "(10, 0)": 0.6048073754055899,
        "(1, 2)": 0.3323673232858482,
        "(2, 1)": 0.3323673232858482,
        "(1, 3)": 0.5269552985314231,
        "(3, 1)": 0.5269552985314231,
        "(1, 4)": 0.6221287582391485,
        "(4, 1)": 0.6221287582391485,
        "(1, 5)": 0.3965755070827542,
        "(5, 1)": 0.3965755070827542,
        "(1, 6)": 0.3695638646577215,
        "(6, 1)": 0.3695638646577215,
        "(1, 7)": 0.2195940811772795,
        "(7, 1)": 0.2195940811772795,
        "(1, 8)": 0.5596709783871583,
        "(8, 1)": 0.5596709783871583,
        "(1, 9)": 0.4150830902764859,
        "(9, 1)": 0.4150830902764859,
        "(1, 10)": 0.26941573303268923,
        "(10, 1)": 0.26941573303268923,
        "(2, 3)": 0.8369693250355839,
        "(3, 2)": 0.8369693250355839,
        "(2, 4)": 0.8685561544002541,
        "(4, 2)": 0.8685561544002541,
        "(2, 5)": 0.3747421850861122,
        "(5, 2)": 0.3747421850861122,
        "(2, 6)": 0.19735855191926663,
        "(6, 2)": 0.19735855191926663,
        "(2, 7)": 0.4778067389682565,
        "(7, 2)": 0.4778067389682565,
        "(2, 8)": 0.8863138152906577,
        "(8, 2)": 0.8863138152906577,
        "(2, 9)": 0.12134082208797438,
        "(9, 2)": 0.12134082208797438,
        "(2, 10)": 0.38370866350742744,
        "(10, 2)": 0.38370866350742744,
        "(3, 4)": 0.730799912135276,
        "(4, 3)": 0.730799912135276,
        "(3, 5)": 0.670320569262734,
        "(5, 3)": 0.670320569262734,
        "(3, 6)": 0.7840916000465857,
        "(6, 3)": 0.7840916000465857,
        "(3, 7)": 0.5652792073739472,
        "(7, 3)": 0.5652792073739472,
        "(3, 8)": 0.13152530687920524,
        "(8, 3)": 0.13152530687920524,
        "(3, 9)": 0.9359039439068368,
        "(9, 3)": 0.9359039439068368,
        "(3, 10)": 0.5244212772002488,
        "(10, 3)": 0.5244212772002488,
        "(4, 5)": 1.015360918020563,
        "(5, 4)": 1.015360918020563,
        "(4, 6)": 0.9783108012499783,
        "(6, 4)": 0.9783108012499783,
        "(4, 7)": 0.4075762544056779,
        "(7, 4)": 0.4075762544056779,
        "(4, 8)": 0.6374570151126249,
        "(8, 4)": 0.6374570151126249,
        "(4, 9)": 0.8803011809879141,
        "(9, 4)": 0.8803011809879141,
        "(4, 10)": 0.871021759974256,
        "(10, 4)": 0.871021759974256,
        "(5, 6)": 0.19371906628148505,
        "(6, 5)": 0.19371906628148505,
        "(5, 7)": 0.6161662188161786,
        "(7, 5)": 0.6161662188161786,
        "(5, 8)": 0.7672691044408317,
        "(8, 5)": 0.7672691044408317,
        "(5, 9)": 0.4934862880219653,
        "(9, 5)": 0.4934862880219653,
        "(5, 10)": 0.16087272455594837,
        "(10, 5)": 0.16087272455594837,
        "(6, 7)": 0.5711255025064155,
        "(7, 6)": 0.5711255025064155,
        "(6, 8)": 0.8599720289481956,
        "(8, 6)": 0.8599720289481956,
        "(6, 9)": 0.30839146378303556,
        "(9, 6)": 0.30839146378303556,
        "(6, 10)": 0.2678243119154924,
        "(10, 6)": 0.2678243119154924,
        "(7, 8)": 0.5455651784720821,
        "(8, 7)": 0.5455651784720821,
        "(7, 9)": 0.5166628211366444,
        "(9, 7)": 0.5166628211366444,
        "(7, 10)": 0.4837297704606941,
        "(10, 7)": 0.4837297704606941,
        "(8, 9)": 0.9747509486802025,
        "(9, 8)": 0.9747509486802025,
        "(8, 10)": 0.6130542472983773,
        "(10, 8)": 0.6130542472983773,
        "(9, 10)": 0.503413282273029,
        "(10, 9)": 0.503413282273029
    },
    "statistics": {
        "avg_distance": 0.55,
        "min_distance": 0.12134082208797438,
        "max_distance": 1.015360918020563
    }
}