{
    "instance_id": "SMALL_09",
    "group": "Small",
    "group_key": "small",
    "instance_number_in_group": 9,
    "parameters": {
        "I_range": [
            8,
            12
        ],
        "p_range": [
            3,
            7
        ]
    },
    "I": 9,
    "p": 7,
    "facilities": [
        [
            0.6155502051227439,
            0.6316728846786038
        ],
        [
            0.503512629745914,
            0.7671485040651652
        ],
        [
            0.1978581892245902,
            0.28370986126022
        ],
        [
            0.7195138048595814,
            0.8283566774769987
        ],
        [
            0.6630170130384154,
            0.6577718539095438
        ],
        [
            0.09800529126271318,
            0.49065791063625486
        ],
        [
            0.07823216278706624,
            0.5135931282404461
        ],
        [
            0.3537499008513323,
            0.6001140139372139
        ],
        [
            0.07405759103011689,
            0.7298231922133508
        ]
    ],
    "distanceMatrix": {
        "(0, 1)": 0.17580119949673634,
        "(1, 0)": 0.17580119949673634,
        "(0, 2)": 0.5436404011950604,
        "(2, 0)": 0.5436404011950604,
        "(0, 3)": 0.22247009781047716,
        "(3, 0)": 0.22247009781047716,
        "(0, 4)": 0.05416875528033487,
        "(4, 0)": 0.05416875528033487,
        "(0, 5)": 0.5364121184001635,
        "(5, 0)": 0.5364121184001635,
        "(0, 6)": 0.5501395345727662,
        "(6, 0)": 0.5501395345727662,
        "(0, 7)": 0.2636955851717573,
        "(7, 0)": 0.2636955851717573,
        "(0, 8)": 0.5503160310094847,
        "(8, 0)": 0.5503160310094847,
        "(1, 2)": 0.5719594027267065,
        "(2, 1)": 0.5719594027267065,
        "(1, 3)": 0.2245060091465221,
        "(3, 1)": 0.2245060091465221,
        "(1, 4)": 0.19340346400410305,
        "(4, 1)": 0.19340346400410305,
        "(1, 5)": 0.4907985837575331,
        "(5, 1)": 0.4907985837575331,
        "(1, 6)": 0.49513008814487347,
        "(6, 1)": 0.49513008814487347,
        "(1, 7)": 0.2243421401749049,
        "(7, 1)": 0.2243421401749049,
        "(1, 8)": 0.4310740182187069,
        "(8, 1)": 0.4310740182187069,
        "(2, 3)": 0.7541649260861945,
        "(3, 2)": 0.7541649260861945,
        "(2, 4)": 0.5969046035311205,
        "(4, 2)": 0.5969046035311205,
        "(2, 5)": 0.22977836358528358,
        "(5, 2)": 0.22977836358528358,
        "(2, 6)": 0.2591461028816237,
        "(6, 2)": 0.2591461028816237,
        "(2, 7)": 0.3527234236411891,
        "(7, 2)": 0.3527234236411891,
        "(2, 8)": 0.462972668920539,
        "(8, 2)": 0.462972668920539,
        "(3, 4)": 0.17969716057195748,
        "(4, 3)": 0.17969716057195748,
        "(3, 5)": 0.7073282756960502,
        "(5, 3)": 0.7073282756960502,
        "(3, 6)": 0.7143656181446676,
        "(6, 3)": 0.7143656181446676,
        "(3, 7)": 0.43113564795211623,
        "(7, 3)": 0.43113564795211623,
        "(3, 8)": 0.6529338187667023,
        "(8, 3)": 0.6529338187667023,
        "(4, 5)": 0.5892073622930144,
        "(5, 4)": 0.5892073622930144,
        "(4, 6)": 0.6022962942099659,
        "(6, 4)": 0.6022962942099659,
        "(4, 7)": 0.3145958887061506,
        "(7, 4)": 0.3145958887061506,
        "(4, 8)": 0.5933503148425209,
        "(8, 4)": 0.5933503148425209,
        "(5, 6)": 0.030282021337190233,
        "(6, 5)": 0.030282021337190233,
        "(5, 7)": 0.2781832918840839,
        "(7, 5)": 0.2781832918840839,
        "(5, 8)": 0.24036123701271359,
        "(8, 5)": 0.24036123701271359,
        "(6, 7)": 0.288783461524033,
        "(7, 6)": 0.288783461524033,
        "(6, 8)": 0.21627035768935224,
        "(8, 6)": 0.21627035768935224,
        "(7, 8)": 0.3083054639512531,
        "(8, 7)": 0.3083054639512531
    },
    "statistics": {
        "avg_distance": 0.4,
        "min_distance": 0.030282021337190233,
        "max_distance": 0.7541649260861945
    }
}