{
    "instance_id": "SMALL_02",
    "group": "Small",
    "group_key": "small",
    "instance_number_in_group": 2,
    "parameters": {
        "I_range": [
            8,
            12
        ],
        "p_range": [
            3,
            7
        ]
    },
    "I": 9,
    "p": 7,
    "facilities": [
        [
            0.5621533353433988,
            0.4020443620384464
        ],
        [
            0.8536566277300358,
            0.3829810830091672
        ],
        [
            0.9519321818037124,
            0.637725839776447
        ],
        [
            0.6281431063724905,
            0.7884804488121544
        ],
        [
            0.19702503297702867,
            0.4488942533503706
        ],
        [
            0.5202544179843287,
            0.1795843467014352
        ],
        [
            0.9067879336210594,
            0.06666988836532639
        ],
        [
            0.8359231281631049,
            0.6501009982779213
        ],
        [
            0.3389144958318352,
            0.44781165170810455
        ]
    ],
    "distanceMatrix": {
        "(0, 1)": 0.2921259626934883,
        "(1, 0)": 0.2921259626934883,
        "(0, 2)": 0.4554923798448229,
        "(2, 0)": 0.4554923798448229,
        "(0, 3)": 0.39202997212132734,
        "(3, 0)": 0.39202997212132734,
        "(0, 4)": 0.36812170474570843,
        "(4, 0)": 0.36812170474570843,
        "(0, 5)": 0.22637132702620588,
        "(5, 0)": 0.22637132702620588,
        "(0, 6)": 0.4808836074576952,
        "(6, 0)": 0.4808836074576952,
        "(0, 7)": 0.36943469550515684,
        "(7, 0)": 0.36943469550515684,
        "(0, 8)": 0.22788204025367176,
        "(8, 0)": 0.22788204025367176,
        "(1, 2)": 0.2730439078773022,
        "(2, 1)": 0.2730439078773022,
        "(1, 3)": 0.46398931451241937,
        "(3, 1)": 0.46398931451241937,
        "(1, 4)": 0.6599315095161814,
        "(4, 1)": 0.6599315095161814,
        "(1, 5)": 0.3905473925197268,
        "(5, 1)": 0.3905473925197268,
        "(1, 6)": 0.320742431746564,
        "(6, 1)": 0.320742431746564,
        "(1, 7)": 0.26770791198632277,
        "(7, 1)": 0.26770791198632277,
        "(1, 8)": 0.5188086978732452,
        "(8, 1)": 0.5188086978732452,
        "(2, 3)": 0.3571642724491274,
        "(3, 2)": 0.3571642724491274,
        "(2, 4)": 0.7781659022225412,
        "(4, 2)": 0.7781659022225412,
        "(2, 5)": 0.6294754319694333,
        "(5, 2)": 0.6294754319694333,
        "(2, 6)": 0.5728375884891259,
        "(6, 2)": 0.5728375884891259,
        "(2, 7)": 0.11666724079417483,
        "(7, 2)": 0.11666724079417483,
        "(2, 8)": 0.641761701992237,
        "(8, 2)": 0.641761701992237,
        "(3, 4)": 0.5488001251425,
        "(4, 3)": 0.5488001251425,
        "(3, 5)": 0.6183804914837994,
        "(5, 3)": 0.6183804914837994,
        "(3, 6)": 0.7737269705296235,
        "(6, 3)": 0.7737269705296235,
        "(3, 7)": 0.2496425640500122,
        "(7, 3)": 0.2496425640500122,
        "(3, 8)": 0.44688747853973076,
        "(8, 3)": 0.44688747853973076,
        "(4, 5)": 0.4207196942757205,
        "(5, 4)": 0.4207196942757205,
        "(4, 6)": 0.8061382265584782,
        "(6, 4)": 0.8061382265584782,
        "(4, 7)": 0.6698320164315356,
        "(7, 4)": 0.6698320164315356,
        "(4, 8)": 0.14189359286289624,
        "(8, 4)": 0.14189359286289624,
        "(5, 6)": 0.40268825859692947,
        "(6, 5)": 0.40268825859692947,
        "(5, 7)": 0.5665974355719241,
        "(7, 5)": 0.5665974355719241,
        "(5, 8)": 0.3237746971543843,
        "(8, 5)": 0.3237746971543843,
        "(6, 7)": 0.5877190490927073,
        "(7, 6)": 0.5877190490927073,
        "(6, 8)": 0.6839219875911244,
        "(8, 6)": 0.6839219875911244,
        "(7, 8)": 0.5365990685301668,
        "(8, 7)": 0.5365990685301668
    },
    "statistics": {
        "avg_distance": 0.46,
        "min_distance": 0.11666724079417483,
        "max_distance": 0.8061382265584782
    }
}