{
    "instance_id": "SMALL_05",
    "group": "Small",
    "group_key": "small",
    "instance_number_in_group": 5,
    "parameters": {
        "I_range": [
            10,
            15
        ],
        "J_range": [
            20,
            100
        ],
        "C_range": [
            5,
            10
        ],
        "f_range": [
            5,
            10
        ]
    },
    "I": 10,
    "J": 40,
    "facilities": [
        [
            0.9707109870796014,
            0.3098791951087283
        ],
        [
            0.8561455325720316,
            0.7538991042073275
        ],
        [
            0.04412647233026301,
            0.6622791601039498
        ],
        [
            0.6380420238349144,
            0.5147668151824983
        ],
        [
            0.8365531660037905,
            0.8229658551112177
        ],
        [
            0.9331521999813446,
            0.34709292497328714
        ],
        [
            0.6190574118854452,
            0.7768619756386095
        ],
        [
            0.06756870541473237,
            0.5615375216792643
        ],
        [
            0.4272896191288075,
            0.16417709519104273
        ],
        [
            0.13221704375256005,
            0.7414075062721049
        ]
    ],
    "clients": [
        [
            0.3306117884205101,
            0.38982219447955013
        ],
        [
            0.634780308166056,
            0.7780519225525188
        ],
        [
            0.10476118929268807,
            0.0006845206717231989
        ],
        [
            0.04618856652642833,
            0.6632946488125658
        ],
        [
            0.27333132788257175,
            0.7741075455909245
        ],
        [
            0.3126194520391471,
            0.29817711532618096
        ],
        [
            0.5543656101159072,
            0.11752994245961479
        ],
        [
            0.9396357328590138,
            0.6855527994780375
        ],
        [
            0.13704474551529167,
            0.6749699913186378
        ],
        [
            0.4460051753534455,
            0.97944889874061
        ],
        [
            0.6519799576681,
            0.5381093599548047
        ],
        [
            0.054951662276626956,
            0.7791911803761848
        ],
        [
            0.3552103129407884,
            0.43452262652276996
        ],
        [
            0.8056595692790172,
            0.07044801449134008
        ],
        [
            0.8207052012291022,
            0.8109959034069145
        ],
        [
            0.037463378796605995,
            0.7979135883532644
        ],
        [
            0.8240792466142934,
            0.17610596294685488
        ],
        [
            0.26988023038067877,
            0.23748443000203656
        ],
        [
            0.20312762594415157,
            0.22983344966813257
        ],
        [
            0.6119348312433182,
            0.9531801897578887
        ],
        [
            0.5415176208157999,
            0.9735552315192966
        ],
        [
            0.4906466504513841,
            0.9552034474083079
        ],
        [
            0.2813640573825754,
            0.722032749724114
        ],
        [
            0.08377711927831832,
            0.22110476394676815
        ],
        [
            0.4577488494013007,
            0.7065612299326034
        ],
        [
            0.45339044244271043,
            0.17530228146526283
        ],
        [
            0.2040793556575765,
            0.6474466443394182
        ],
        [
            0.5360596807234784,
            0.13906308320652594
        ],
        [
            0.4977385841439229,
            0.9540779928119771
        ],
        [
            0.33956200993709895,
            0.5296396286139039
        ],
        [
            0.2866653114899609,
            0.9525454732950519
        ],
        [
            0.8722368843246373,
            0.6900436165300012
        ],
        [
            0.830756668835113,
            0.2756862168571679
        ],
        [
            0.42947053558446435,
            0.302147720181667
        ],
        [
            0.44523445319553734,
            0.9969322607033198
        ],
        [
            0.7497669517477366,
            0.7005336040861203
        ],
        [
            0.5955012638598266,
            0.440409265811859
        ],
        [
            0.1572583702587299,
            0.6605491564942639
        ],
        [
            0.014765024279389749,
            0.8256820028917968
        ],
        [
            0.2004501045620175,
            0.09923810827563084
        ]
    ],
    "costMatrix": {
        "(0, 0)": 0.6451,
        "(0, 1)": 0.5762,
        "(0, 2)": 0.9195,
        "(0, 3)": 0.9898,
        "(0, 4)": 0.8378,
        "(0, 5)": 0.6582,
        "(0, 6)": 0.4586,
        "(0, 7)": 0.377,
        "(0, 8)": 0.9101,
        "(0, 9)": 0.8507,
        "(0, 10)": 0.392,
        "(0, 11)": 1.029,
        "(0, 12)": 0.628,
        "(0, 13)": 0.2908,
        "(0, 14)": 0.5231,
        "(0, 15)": 1.0532,
        "(0, 16)": 0.1985,
        "(0, 17)": 0.7046,
        "(0, 18)": 0.7717,
        "(0, 19)": 0.7366,
        "(0, 20)": 0.7904,
        "(0, 21)": 0.8043,
        "(0, 22)": 0.8032,
        "(0, 23)": 0.8914,
        "(0, 24)": 0.6484,
        "(0, 25)": 0.5345,
        "(0, 26)": 0.8377,
        "(0, 27)": 0.467,
        "(0, 28)": 0.7992,
        "(0, 29)": 0.6683,
        "(0, 30)": 0.9386,
        "(0, 31)": 0.3927,
        "(0, 32)": 0.1441,
        "(0, 33)": 0.5413,
        "(0, 34)": 0.865,
        "(0, 35)": 0.4488,
        "(0, 36)": 0.3973,
        "(0, 37)": 0.8858,
        "(0, 38)": 1.0862,
        "(0, 39)": 0.7985,
        "(1, 0)": 0.6393,
        "(1, 1)": 0.2227,
        "(1, 2)": 1.0639,
        "(1, 3)": 0.815,
        "(1, 4)": 0.5832,
        "(1, 5)": 0.7093,
        "(1, 6)": 0.7043,
        "(1, 7)": 0.1079,
        "(1, 8)": 0.7234,
        "(1, 9)": 0.4681,
        "(1, 10)": 0.2971,
        "(1, 11)": 0.8016,
        "(1, 12)": 0.5941,
        "(1, 13)": 0.6853,
        "(1, 14)": 0.0672,
        "(1, 15)": 0.8199,
        "(1, 16)": 0.5787,
        "(1, 17)": 0.7813,
        "(1, 18)": 0.8373,
        "(1, 19)": 0.3152,
        "(1, 20)": 0.3837,
        "(1, 21)": 0.4173,
        "(1, 22)": 0.5757,
        "(1, 23)": 0.9383,
        "(1, 24)": 0.4012,
        "(1, 25)": 0.705,
        "(1, 26)": 0.6607,
        "(1, 27)": 0.6932,
        "(1, 28)": 0.4105,
        "(1, 29)": 0.5632,
        "(1, 30)": 0.6031,
        "(1, 31)": 0.0659,
        "(1, 32)": 0.4789,
        "(1, 33)": 0.6214,
        "(1, 34)": 0.4774,
        "(1, 35)": 0.119,
        "(1, 36)": 0.4077,
        "(1, 37)": 0.7051,
        "(1, 38)": 0.8444,
        "(1, 39)": 0.9266,
        "(2, 0)": 0.3954,
        "(2, 1)": 0.6019,
        "(2, 2)": 0.6644,
        "(2, 3)": 0.0023,
        "(2, 4)": 0.255,
        "(2, 5)": 0.4524,
        "(2, 6)": 0.7464,
        "(2, 7)": 0.8958,
        "(2, 8)": 0.0938,
        "(2, 9)": 0.512,
        "(2, 10)": 0.6204,
        "(2, 11)": 0.1174,
        "(2, 12)": 0.3855,
        "(2, 13)": 0.9645,
        "(2, 14)": 0.7907,
        "(2, 15)": 0.1358,
        "(2, 16)": 0.9191,
        "(2, 17)": 0.4811,
        "(2, 18)": 0.4608,
        "(2, 19)": 0.638,
        "(2, 20)": 0.5868,
        "(2, 21)": 0.534,
        "(2, 22)": 0.2446,
        "(2, 23)": 0.443,
        "(2, 24)": 0.416,
        "(2, 25)": 0.6361,
        "(2, 26)": 0.1606,
        "(2, 27)": 0.7182,
        "(2, 28)": 0.5394,
        "(2, 29)": 0.3238,
        "(2, 30)": 0.3783,
        "(2, 31)": 0.8286,
        "(2, 32)": 0.8765,
        "(2, 33)": 0.5274,
        "(2, 34)": 0.5224,
        "(2, 35)": 0.7067,
        "(2, 36)": 0.5943,
        "(2, 37)": 0.1131,
        "(2, 38)": 0.166,
        "(2, 39)": 0.5843,
        "(3, 0)": 0.3319,
        "(3, 1)": 0.2633,
        "(3, 2)": 0.7407,