{
    "instance_id": "SMALL_09",
    "group": "Small",
    "group_key": "small",
    "instance_number_in_group": 9,
    "parameters": {
        "I_range": [
            10,
            15
        ],
        "J_range": [
            20,
            100
        ],
        "C_range": [
            5,
            10
        ],
        "f_range": [
            5,
            10
        ]
    },
    "I": 13,
    "J": 20,
    "facilities": [
        [
            0.2292926368652538,
            0.1801904184116131
        ],
        [
            0.8216373785862835,
            0.8226538515523084
        ],
        [
            0.5552678680834097,
            0.051662137463659996
        ],
        [
            0.2994323057834348,
            0.16648255989923832
        ],
        [
            0.9714378956423388,
            0.6030975417287804
        ],
        [
            0.26901408027936935,
            0.08570673628471093
        ],
        [
            0.034833299999558975,
            0.4253017594326577
        ],
        [
            0.46866149185108597,
            0.8359156744861974
        ],
        [
            0.8449359540624267,
            0.5806510659294395
        ],
        [
            0.7208714509360346,
            0.7485078326407572
        ],
        [
            0.2352555309693537,
            0.33262974319906435
        ],
        [
            0.4348643254644836,
            0.8971567078005099
        ],
        [
            0.6944039701205371,
            0.6760428723813681
        ]
    ],
    "clients": [
        [
            0.33984279146122465,
            0.6382258788498429
        ],
        [
            0.9666185443492843,
            0.8528844914686751
        ],
        [
            0.6360030248685069,
            0.3207432673870356
        ],
        [
            0.2889761573772677,
            0.8678840359270967
        ],
        [
            0.8488261113890168,
            0.7077190412873567
        ],
        [
            0.2304817826716169,
            0.8644428511814195
        ],
        [
            0.6016696956792491,
            0.29125354153196126
        ],
        [
            0.20034865807504432,
            0.6381088663820462
        ],
        [
            0.0011797736065666253,
            0.5129451997039998
        ],
        [
            0.13862756702055234,
            0.17205284615423555
        ],
        [
            0.39225803364889844,
            0.8126036019867052
        ],
        [
            0.26758358303919616,
            0.0998286019630189
        ],
        [
            0.00836680499801934,
            0.8273459223419599
        ],
        [
            0.8696223304544096,
            0.23134036105614508
        ],
        [
            0.3443430525885457,
            0.16166190533818925
        ],
        [
            0.570337239956093,
            0.6683170866295888
        ],
        [
            0.6771417171088636,
            0.6670313531994849
        ],
        [
            0.3421513457077776,
            0.7676739238638969
        ],
        [
            0.7591370082565304,
            0.3735143812356031
        ],
        [
            0.008073667375710691,
            0.11181279471176464
        ]
    ],
    "costMatrix": {
        "(0, 0)": 0.4712,
        "(0, 1)": 0.9981,
        "(0, 2)": 0.4303,
        "(0, 3)": 0.6903,
        "(0, 4)": 0.8137,
        "(0, 5)": 0.6843,
        "(0, 6)": 0.3886,
        "(0, 7)": 0.4588,
        "(0, 8)": 0.4034,
        "(0, 9)": 0.091,
        "(0, 10)": 0.6531,
        "(0, 11)": 0.089,
        "(0, 12)": 0.6838,
        "(0, 13)": 0.6424,
        "(0, 14)": 0.1165,
        "(0, 15)": 0.5955,
        "(0, 16)": 0.6615,
        "(0, 17)": 0.5982,
        "(0, 18)": 0.564,
        "(0, 19)": 0.2315,
        "(1, 0)": 0.5159,
        "(1, 1)": 0.1481,
        "(1, 2)": 0.5351,
        "(1, 3)": 0.5346,
        "(1, 4)": 0.1181,
        "(1, 5)": 0.5926,
        "(1, 6)": 0.5751,
        "(1, 7)": 0.6481,
        "(1, 8)": 0.877,
        "(1, 9)": 0.9433,
        "(1, 10)": 0.4295,
        "(1, 11)": 0.9107,
        "(1, 12)": 0.8133,
        "(1, 13)": 0.5933,
        "(1, 14)": 0.8153,
        "(1, 15)": 0.2949,
        "(1, 16)": 0.2124,
        "(1, 17)": 0.4826,
        "(1, 18)": 0.4535,
        "(1, 19)": 1.0804,
        "(2, 0)": 0.6249,
        "(2, 1)": 0.9006,
        "(2, 2)": 0.2809,
        "(2, 3)": 0.8586,
        "(2, 4)": 0.7187,
        "(2, 5)": 0.8753,
        "(2, 6)": 0.244,
        "(2, 7)": 0.6855,
        "(2, 8)": 0.721,
        "(2, 9)": 0.4337,
        "(2, 10)": 0.7782,
        "(2, 11)": 0.2917,
        "(2, 12)": 0.9491,
        "(2, 13)": 0.3621,
        "(2, 14)": 0.2379,
        "(2, 15)": 0.6168,
        "(2, 16)": 0.6273,
        "(2, 17)": 0.7471,
        "(2, 18)": 0.381,
        "(2, 19)": 0.5505,
        "(3, 0)": 0.4735,
        "(3, 1)": 0.9572,
        "(3, 2)": 0.3702,
        "(3, 3)": 0.7015,
        "(3, 4)": 0.7712,
        "(3, 5)": 0.7014,
        "(3, 6)": 0.327,
        "(3, 7)": 0.4819,
        "(3, 8)": 0.4572,
        "(3, 9)": 0.1609,
        "(3, 10)": 0.6528,
        "(3, 11)": 0.0739,
        "(3, 12)": 0.7221,
        "(3, 13)": 0.5739,
        "(3, 14)": 0.0452,
        "(3, 15)": 0.5703,
        "(3, 16)": 0.6271,
        "(3, 17)": 0.6027,
        "(3, 18)": 0.5042,
        "(3, 19)": 0.2964,
        "(4, 0)": 0.6326,
        "(4, 1)": 0.2498,
        "(4, 2)": 0.4385,
        "(4, 3)": 0.732,
        "(4, 4)": 0.1612,
        "(4, 5)": 0.7857,
        "(4, 6)": 0.4837,
        "(4, 7)": 0.7719,
        "(4, 8)": 0.9744,
        "(4, 9)": 0.9377,
        "(4, 10)": 0.6159,
        "(4, 11)": 0.8653,
        "(4, 12)": 0.9888,
        "(4, 13)": 0.3854,
        "(4, 14)": 0.7669,
        "(4, 15)": 0.4064,
        "(4, 16)": 0.3012,
        "(4, 17)": 0.6505,
        "(4, 18)": 0.3127,
        "(4, 19)": 1.0814,
        "(5, 0)": 0.557,
        "(5, 1)": 1.0369,
        "(5, 2)": 0.4358,
        "(5, 3)": 0.7824,
        "(5, 4)": 0.8503,
        "(5, 5)": 0.7797,
        "(5, 6)": 0.391,
        "(5, 7)": 0.5567,
        "(5, 8)": 0.5042,
        "(5, 9)": 0.1564,
        "(5, 10)": 0.7373,
        "(5, 11)": 0.0142,
        "(5, 12)": 0.7861,
        "(5, 13)": 0.618,
        "(5, 14)": 0.107,
        "(5, 15)": 0.6559,
        "(5, 16)": 0.7103,
        "(5, 17)": 0.6859,
        "(5, 18)": 0.5684,
        "(5, 19)": 0.2622,
        "(6, 0)": 0.372,
        "(6, 1)": 1.0252,
        "(6, 2)": 0.6102,
        "(6, 3)": 0.5104,
        "(6, 4)": 0.8616,
        "(6, 5)": 0.4808,
        "(6, 6)": 0.5825,
        "(6, 7)": 0.2696,
        "(6, 8)": 0.0939,
        "(6, 9)": 0.2737,
        "(6, 10)": 0.527,
        "(6, 11)": 0.4001,
        "(6, 12)": 0.4029,
        "(6, 13)": 0.857,
        "(6, 14)": 0.4066,
        "(6, 15)": 0.5881,
        "(6, 16)": 0.6863,
        "(6, 17)": 0.4601,
        "(6, 18)": 0.7262,
        "(6, 19)": 0.3146,
        "(7, 0)": 0.236,
        "(7, 1)": 0.4982,
        "(7, 2)": 0.5417,
        "(7, 3)": 0.1825,
        "(7, 4)": 0.4012,
        "(7, 5)": 0.2399,
        "(7, 6)": 0.5607,
        "(7, 7)": 0.3333,
        "(7, 8)": 0.5682,
        "(7, 9)": 0.7414,
        "(7, 10)": 0.0799,
        "(7, 11)": 0.7631,
        "(7, 12)": 0.4604,
        "(7, 13)": 0.7255,
        "(7, 14)": 0.6856,
        "(7, 15)": 0.196,
        "(7, 16)": 0.2683,
        "(7, 17)": 0.1437,
        "(7, 18)": 0.5461,
        "(7, 19)": 0.8582,
        "(8, 0)": 0.5084,
        "(8, 1)": 0.2982,
        "(8, 2)": 0.3335,
        "(8, 3)": 0.6258,
        "(8, 4)": 0.1271,
        "(8, 5)": 0.6768,
        "(8, 6)": 0.3781,
        "(8, 7)": 0.6471,
        "(8, 8)": 0.8465,
        "(8, 9)": 0.816,
        "(8, 10)": 0.5086,
        "(8, 11)": 0.7513,
        "(8, 12)": 0.8722,
        "(8, 13)": 0.3502,
        "(8, 14)": 0.6528,
        "(8, 15)": 0.2883,
        "(8, 16)": 0.1887,
        "(8, 17)": 0.5364,